env,mode,route,rep,observed_at_utc,http_code,http_version,num_connects,time_starttransfer,time_total,html_download_seconds,connect_seconds,tunnel_tls_seconds,request_wait_seconds,size_download,decoded_html_bytes,cache-control,age,x-vercel-cache,x-vercel-id,content-encoding,date
production,reuse,/,0,,000,0,1,0.000000,25.002993,25.002993,0.000000,0.0,0.0,0,0,,,,,,
production,reuse,/,1,2026-10-06T06:12:37.578651+00:00,200,2,1,7.731651,7.814895,0.083244,0.000301,6.711132,1.019985,16890,115703,"private, no-cache, no-store, max-age=0, must-revalidate",0,MISS,cle1::dub1::5gfsv-1791267156672-9cf29882e31e,br,"Tue, 06 Oct 2026 06:12:37 GMT"
production,reuse,/,2,2026-10-06T06:12:37.828336+00:00,200,2,0,0.170835,0.250110,0.079275,0.000000,0.0,0.170738,16890,115703,"private, no-cache, no-store, max-age=0, must-revalidate",0,MISS,cle1::dub1::f2fjk-1791267157593-600719346cae,br,"Tue, 06 Oct 2026 06:12:37 GMT"
production,reuse,/,3,2026-10-06T06:12:38.750863+00:00,200,2,0,0.167658,0.172771,0.005113,0.000000,0.0,0.167512,16890,115703,"private, no-cache, no-store, max-age=0, must-revalidate",0,MISS,cle1::dub1::mtb8x-1791267158594-5f91e0f90efd,br,"Tue, 06 Oct 2026 06:12:38 GMT"
production,reuse,/,4,2026-10-06T06:12:39.759157+00:00,200,2,0,0.175583,0.179604,0.004021,0.000000,0.0,0.175456,16890,115703,"private, no-cache, no-store, max-age=0, must-revalidate",0,MISS,cle1::dub1::lqpvm-1791267159596-61859dfeb211,br,"Tue, 06 Oct 2026 06:12:39 GMT"
production,reuse,/,5,2026-10-06T06:12:40.794716+00:00,200,2,0,0.208807,0.211068,0.002261,0.000000,0.0,0.208673,16890,115703,"private, no-cache, no-store, max-age=0, must-revalidate",0,MISS,cle1::dub1::rqxdx-1791267160598-2a765368deba,br,"Tue, 06 Oct 2026 06:12:40 GMT"
production,reuse,/hermandades/el-baratillo,0,,000,0,1,0.000000,25.002932,25.002932,0.000000,0.0,0.0,0,0,,,,,,
production,reuse,/hermandades/el-baratillo,1,,000,0,1,0.000000,25.002481,25.002481,0.000000,0.0,0.0,0,0,,,,,,
production,reuse,/hermandades/el-baratillo,2,2026-10-06T06:13:47.939279+00:00,200,2,1,17.082270,17.128988,0.046718,0.000364,16.752414,0.32924,36374,310926,"public, max-age=0, must-revalidate",943,STALE,cle1::dub1::l9d4n-1791267227682-1e551dba4bfd,br,"Tue, 06 Oct 2026 05:11:30 GMT"
production,reuse,/hermandades/el-baratillo,3,2026-10-06T06:13:48.080148+00:00,200,2,0,0.058412,0.144570,0.086158,0.000000,0.0,0.058291,36374,310926,"public, max-age=0, must-revalidate",944,HIT,cle1::dub1::4l4bw-1791267227953-f395dfa0b2bb,br,"Tue, 06 Oct 2026 05:11:30 GMT"
production,reuse,/hermandades/el-baratillo,4,2026-10-06T06:13:49.000342+00:00,200,2,0,0.055959,0.060227,0.004268,0.000000,0.0,0.055789,36374,310926,"public, max-age=0, must-revalidate",945,STALE,cle1::dub1::zvghg-1791267228954-c0736bfd822a,br,"Tue, 06 Oct 2026 05:11:30 GMT"
production,reuse,/hermandades/el-baratillo,5,2026-10-06T06:13:50.008189+00:00,200,2,0,0.058979,0.068427,0.009448,0.000000,0.0,0.058426,36374,310926,"public, max-age=0, must-revalidate",3739,STALE,cle1::dub1::krbq8-1791267229958-c754325d0312,br,"Tue, 06 Oct 2026 05:11:30 GMT"
production,reuse,/bandas/banda-del-sol,0,2026-10-06T06:14:02.600457+00:00,200,2,1,12.494549,12.579355,0.084806,0.000311,12.302236,0.191881,25568,251161,"public, max-age=0, must-revalidate",3742,STALE,cle1::dub1::bgmmv-1791267242472-45c202a548ac,br,"Tue, 06 Oct 2026 02:16:59 GMT"
production,reuse,/bandas/banda-del-sol,1,2026-10-06T06:14:02.704440+00:00,200,2,0,0.057188,0.100211,0.043023,0.000000,0.0,0.057101,25568,251161,"public, max-age=0, must-revalidate",3742,STALE,cle1::dub1::5gfsv-1791267242620-2d5e31407b5f,br,"Tue, 06 Oct 2026 02:16:59 GMT"
production,reuse,/bandas/banda-del-sol,2,2026-10-06T06:14:03.660321+00:00,200,2,0,0.053858,0.055774,0.001916,0.000000,0.0,0.053722,25568,251161,"public, max-age=0, must-revalidate",3743,STALE,cle1::dub1::rw268-1791267243621-0c8d75374fb8,br,"Tue, 06 Oct 2026 02:16:59 GMT"
production,reuse,/bandas/banda-del-sol,3,2026-10-06T06:14:04.778363+00:00,200,2,0,0.170053,0.173570,0.003517,0.000000,0.0,0.169903,25568,251161,"public, max-age=0, must-revalidate",0,HIT,cle1::dub1::r2lnh-1791267244621-947b4a935f56,br,"Tue, 06 Oct 2026 02:16:59 GMT"
production,reuse,/bandas/banda-del-sol,4,2026-10-06T06:14:05.656751+00:00,200,2,0,0.046760,0.049200,0.00244,0.000000,0.0,0.046397,25568,251161,"public, max-age=0, must-revalidate",1,HIT,cle1::dub1::rw268-1791267245622-1f9283c0acdd,br,"Tue, 06 Oct 2026 02:16:59 GMT"
production,reuse,/bandas/banda-del-sol,5,2026-10-06T06:14:06.707786+00:00,200,2,0,0.054929,0.096941,0.042012,0.000000,0.0,0.054789,25568,251161,"public, max-age=0, must-revalidate",2,HIT,cle1::dub1::jnr6c-1791267246627-dc060fddf76f,br,"Tue, 06 Oct 2026 02:16:59 GMT"
production,reuse,/pasos/paso-misterio-bendicion-esperanza,0,2026-10-06T06:14:17.624777+00:00,200,2,1,10.867635,10.910938,0.043303,0.000431,10.694522,0.172496,10180,55400,"public, max-age=0, must-revalidate",3748,STALE,cle1::dub1::dq7wz-1791267257532-a869dcaede82,br,"Tue, 06 Oct 2026 05:11:49 GMT"
production,reuse,/pasos/paso-misterio-bendicion-esperanza,1,2026-10-06T06:14:17.767821+00:00,200,2,0,0.098648,0.139599,0.040951,0.000000,0.0,0.098566,10180,55400,"public, max-age=0, must-revalidate",3748,STALE,cle1::dub1::jszpt-1791267257662-dfea12713f99,br,"Tue, 06 Oct 2026 05:11:49 GMT"
production,reuse,/pasos/paso-misterio-bendicion-esperanza,2,2026-10-06T06:14:18.713764+00:00,200,2,0,0.083088,0.085606,0.002518,0.000000,0.0,0.08296,10180,55400,"public, max-age=0, must-revalidate",3749,STALE,cle1::dub1::d95gn-1791267258648-8ea83bcda81f,br,"Tue, 06 Oct 2026 05:11:49 GMT"
production,reuse,/pasos/paso-misterio-bendicion-esperanza,3,2026-10-06T06:14:19.794056+00:00,200,2,0,0.161463,0.163691,0.002228,0.000000,0.0,0.161307,10180,55400,"public, max-age=0, must-revalidate",1,HIT,cle1::dub1::jszpt-1791267259644-7bce45dada03,br,"Tue, 06 Oct 2026 05:11:49 GMT"
production,reuse,/pasos/paso-misterio-bendicion-esperanza,4,2026-10-06T06:14:20.740843+00:00,200,2,0,0.106759,0.110565,0.003806,0.000000,0.0,0.106623,10180,55400,"public, max-age=0, must-revalidate",2,HIT,cle1::dub1::d8w8t-1791267260647-25d039ce45c8,br,"Tue, 06 Oct 2026 05:11:49 GMT"
production,reuse,/pasos/paso-misterio-bendicion-esperanza,5,2026-10-06T06:14:21.684292+00:00,200,2,0,0.048411,0.050473,0.002062,0.000000,0.0,0.04827,10180,55400,"public, max-age=0, must-revalidate",3,HIT,cle1::dub1::gpbkv-1791267261647-b7feca536058,br,"Tue, 06 Oct 2026 05:11:49 GMT"
production,reuse,/imagenes/jesus-presentado-al-pueblo,0,2026-10-06T06:14:35.187753+00:00,200,2,1,13.453237,13.494607,0.04137,0.000324,13.232352,0.220428,9457,50899,"public, max-age=0, must-revalidate",3757,STALE,cle1::dub1::w6fv4-1791267275081-1cfe66e5a3d1,br,"Tue, 06 Oct 2026 05:11:57 GMT"
production,reuse,/imagenes/jesus-presentado-al-pueblo,1,2026-10-06T06:14:35.295956+00:00,200,2,0,0.064938,0.108136,0.043198,0.000000,0.0,0.064855,9457,50899,"public, max-age=0, must-revalidate",3757,STALE,cle1::dub1::qx6bx-1791267275201-102563044e33,br,"Tue, 06 Oct 2026 05:11:57 GMT"
production,reuse,/imagenes/jesus-presentado-al-pueblo,2,2026-10-06T06:14:36.245713+00:00,200,2,0,0.054472,0.056483,0.002011,0.000000,0.0,0.054325,9457,50899,"public, max-age=0, must-revalidate",3758,STALE,cle1::dub1::98trp-1791267276204-d4d0fc26ef77,br,"Tue, 06 Oct 2026 05:11:57 GMT"
production,reuse,/imagenes/jesus-presentado-al-pueblo,3,2026-10-06T06:14:37.259200+00:00,200,2,0,0.066222,0.068193,0.001971,0.000000,0.0,0.066081,9457,50899,"public, max-age=0, must-revalidate",3759,STALE,cle1::dub1::l6zgd-1791267277206-6fff35b8a69e,br,"Tue, 06 Oct 2026 05:11:57 GMT"
production,reuse,/imagenes/jesus-presentado-al-pueblo,4,2026-10-06T06:14:38.251364+00:00,200,2,0,0.057028,0.058987,0.001959,0.000000,0.0,0.056883,9484,50942,"public, max-age=0, must-revalidate",2,HIT,cle1::dub1::98trp-1791267278214-58b7ea52b541,br,"Tue, 06 Oct 2026 06:14:35 GMT"
production,reuse,/imagenes/jesus-presentado-al-pueblo,5,2026-10-06T06:14:39.358660+00:00,200,2,0,0.163179,0.165892,0.002713,0.000000,0.0,0.163038,9484,50942,"public, max-age=0, must-revalidate",3,HIT,cle1::dub1::m47ww-1791267279213-920ad900ab00,br,"Tue, 06 Oct 2026 06:14:35 GMT"
production,reuse,/marchas/aurora-reina-manana-pablo-ojeda,0,2026-10-06T06:14:51.553499+00:00,200,2,1,12.178818,12.185344,0.006526,0.000164,11.960497,0.218008,8341,43513,"public, max-age=0, must-revalidate",3763,STALE,cle1::dub1::59kx6-1791267291496-91a897015140,br,"Tue, 06 Oct 2026 05:12:08 GMT"
production,reuse,/marchas/aurora-reina-manana-pablo-ojeda,1,2026-10-06T06:14:51.664309+00:00,200,2,0,0.065354,0.109961,0.044607,0.000000,0.0,0.065243,8341,43513,"public, max-age=0, must-revalidate",3763,STALE,cle1::dub1::brlk6-1791267291571-7febec728769,br,"Tue, 06 Oct 2026 05:12:08 GMT"
production,reuse,/marchas/aurora-reina-manana-pablo-ojeda,2,2026-10-06T06:14:52.623858+00:00,200,2,0,0.066560,0.068462,0.001902,0.000000,0.0,0.06633,8341,43513,"public, max-age=0, must-revalidate",0,HIT,cle1::dub1::zkf8t-1791267292570-434f521bbe3a,br,"Tue, 06 Oct 2026 05:12:08 GMT"
production,reuse,/marchas/aurora-reina-manana-pablo-ojeda,3,2026-10-06T06:14:53.721785+00:00,200,2,0,0.162677,0.163749,0.001072,0.000000,0.0,0.162415,8341,43513,"public, max-age=0, must-revalidate",1,HIT,cle1::dub1::rw268-1791267293576-e946af536f4f,br,"Tue, 06 Oct 2026 05:12:08 GMT"
production,reuse,/marchas/aurora-reina-manana-pablo-ojeda,4,2026-10-06T06:14:54.612618+00:00,200,2,0,0.052802,0.054427,0.001625,0.000000,0.0,0.052674,8341,43513,"public, max-age=0, must-revalidate",2,HIT,cle1::dub1::84q48-1791267294573-1e9a91f0be6f,br,"Tue, 06 Oct 2026 05:12:08 GMT"
production,reuse,/marchas/aurora-reina-manana-pablo-ojeda,5,2026-10-06T06:14:55.624802+00:00,200,2,0,0.062993,0.064989,0.001996,0.000000,0.0,0.06241,8341,43513,"public, max-age=0, must-revalidate",3,HIT,cle1::dub1::6prn8-1791267295580-65bf78807cfe,br,"Tue, 06 Oct 2026 05:12:08 GMT"
production,reuse,/crucetas-musicales/virgen-salud-san-gonzalo-lunes-santo-2026,0,2026-10-06T06:15:08.873867+00:00,200,2,1,13.154393,13.237438,0.083045,0.000122,12.848387,0.305631,17190,192145,"public, max-age=0, must-revalidate",1496,STALE,cle1::dub1::4pnqf-1791267308628-8f4cbd884da3,br,"Mon, 05 Oct 2026 22:23:40 GMT"
production,reuse,/crucetas-musicales/virgen-salud-san-gonzalo-lunes-santo-2026,1,2026-10-06T06:15:08.959780+00:00,200,2,0,0.041863,0.083770,0.041907,0.000000,0.0,0.041774,17190,192145,"public, max-age=0, must-revalidate",1496,STALE,cle1::dub1::4pnqf-1791267308888-2a33785e7b9f,br,"Mon, 05 Oct 2026 22:23:40 GMT"
production,reuse,/crucetas-musicales/virgen-salud-san-gonzalo-lunes-santo-2026,2,2026-10-06T06:15:10.129894+00:00,200,2,0,0.251925,0.254132,0.002207,0.000000,0.0,0.251679,17190,192145,"public, max-age=0, must-revalidate",0,HIT,cle1::dub1::26m9v-1791267309891-450609b031be,br,"Mon, 05 Oct 2026 22:23:40 GMT"
production,reuse,/crucetas-musicales/virgen-salud-san-gonzalo-lunes-santo-2026,3,2026-10-06T06:15:11.008638+00:00,200,2,0,0.130899,0.132314,0.001415,0.000000,0.0,0.130555,17190,192145,"public, max-age=0, must-revalidate",1,HIT,cle1::dub1::jxggz-1791267310890-337cfba19db0,br,"Mon, 05 Oct 2026 22:23:40 GMT"
production,reuse,/crucetas-musicales/virgen-salud-san-gonzalo-lunes-santo-2026,4,2026-10-06T06:15:11.933017+00:00,200,2,0,0.054660,0.056224,0.001564,0.000000,0.0,0.054513,17190,192145,"public, max-age=0, must-revalidate",2,HIT,cle1::dub1::p8jfv-1791267311890-70fc149e2ef4,br,"Mon, 05 Oct 2026 22:23:40 GMT"
production,reuse,/crucetas-musicales/virgen-salud-san-gonzalo-lunes-santo-2026,5,2026-10-06T06:15:12.928531+00:00,200,2,0,0.049588,0.051361,0.001773,0.000000,0.0,0.049355,17190,192145,"public, max-age=0, must-revalidate",3,HIT,cle1::dub1::4l4bw-1791267312892-c01c0a6950c3,br,"Mon, 05 Oct 2026 22:23:40 GMT"
production,new,/,0,2026-10-06T06:15:24.963761+00:00,200,1.1,1,11.941614,12.022017,0.080403,0.000273,11.519897,0.42139,16890,115703,"private, no-cache, no-store, max-age=0, must-revalidate",0,MISS,cle1::dub1::rqxdx-1791267324667-dfa8452875a3,br,"Tue, 06 Oct 2026 06:15:24 GMT"
production,new,/,1,2026-10-06T06:15:39.168890+00:00,200,1.1,1,14.199026,14.202556,0.00353,0.000227,13.862587,0.33618,16890,115703,"private, no-cache, no-store, max-age=0, must-revalidate",0,MISS,cle1::dub1::bp2lm-1791267338965-2ebabbaedb13,br,"Tue, 06 Oct 2026 06:15:39 GMT"
production,new,/,2,2026-10-06T06:15:55.058850+00:00,200,1.1,1,15.812002,15.891258,0.079256,0.000149,15.49116,0.320664,16890,115703,"private, no-cache, no-store, max-age=0, must-revalidate",0,MISS,cle1::dub1::59kx6-1791267354815-383f756bf6d5,br,"Tue, 06 Oct 2026 06:15:54 GMT"
production,new,/,3,2026-10-06T06:16:12.751226+00:00,200,1.1,1,17.616002,17.697151,0.081149,0.000430,17.158285,0.457253,17067,115703,"private, no-cache, no-store, max-age=0, must-revalidate",0,MISS,cle1::dub1::95fk5-1791267372414-a3aad5228882,br,"Tue, 06 Oct 2026 06:16:12 GMT"
production,new,/,4,,000,0,1,0.000000,25.002730,25.00273,0.000000,0.0,0.0,0,0,,,,,,
production,new,/,5,2026-10-06T06:16:48.971565+00:00,200,1.1,1,11.196517,11.209115,0.012598,0.000301,10.811166,0.385015,17082,115703,"private, no-cache, no-store, max-age=0, must-revalidate",0,MISS,cle1::dub1::9gftp-1791267408732-5b26dfd06da2,br,"Tue, 06 Oct 2026 06:16:48 GMT"
production,new,/hermandades/el-baratillo,0,,000,0,1,0.000000,25.002209,25.002209,0.000000,0.0,0.0,0,0,,,,,,
production,new,/hermandades/el-baratillo,1,2026-10-06T06:17:32.231660+00:00,200,1.1,1,18.243837,18.247454,0.003617,0.000382,17.961423,0.281991,36374,310926,"public, max-age=0, must-revalidate",221,HIT,cle1::dub1::mbc8z-1791267452145-f0db10cf8486,br,"Tue, 06 Oct 2026 05:11:30 GMT"
production,new,/hermandades/el-baratillo,2,2026-10-06T06:17:51.525365+00:00,200,1.1,1,19.291611,19.295468,0.003857,0.000265,18.833151,0.458155,36374,310926,"public, max-age=0, must-revalidate",241,HIT,cle1::dub1::j6ffh-1791267471260-c43a85a033cb,br,"Tue, 06 Oct 2026 05:11:30 GMT"
production,new,/hermandades/el-baratillo,3,2026-10-06T06:17:57.953464+00:00,200,1.1,1,6.423166,6.427196,0.00403,0.000148,6.234747,0.188237,36374,310926,"public, max-age=0, must-revalidate",247,HIT,cle1::dub1::n9988-1791267477899-8c6228a8acd2,br,"Tue, 06 Oct 2026 05:11:30 GMT"
production,new,/hermandades/el-baratillo,4,2026-10-06T06:18:11.414133+00:00,200,1.1,1,13.451771,13.460017,0.008246,0.000097,13.211566,0.240074,36374,310926,"public, max-age=0, must-revalidate",260,HIT,cle1::dub1::rqxdx-1791267491353-7a9e8e9e5ce7,br,"Tue, 06 Oct 2026 05:11:30 GMT"
production,new,/hermandades/el-baratillo,5,2026-10-06T06:18:21.065954+00:00,200,1.1,1,9.643380,9.651188,0.007808,0.000115,9.445752,0.197476,36374,310926,"public, max-age=0, must-revalidate",270,HIT,cle1::dub1::m47ww-1791267501013-efe7d63bf445,br,"Tue, 06 Oct 2026 05:11:30 GMT"
production,new,/bandas/banda-del-sol,0,2026-10-06T06:18:30.760540+00:00,200,1.1,1,9.676479,9.683149,0.00667,0.000287,9.48046,0.195687,25568,251161,"public, max-age=0, must-revalidate",266,HIT,cle1::dub1::zvghg-1791267510716-1d43e5ce15d6,br,"Tue, 06 Oct 2026 02:16:59 GMT"
production,new,/bandas/banda-del-sol,1,2026-10-06T06:18:39.687986+00:00,200,1.1,1,8.922026,8.926294,0.004268,0.000247,8.669886,0.251702,25568,251161,"public, max-age=0, must-revalidate",275,HIT,cle1::dub1::67j2s-1791267519641-3fe0374114a0,br,"Tue, 06 Oct 2026 02:16:59 GMT"
production,new,/bandas/banda-del-sol,2,2026-10-06T06:18:48.153022+00:00,200,1.1,1,8.460999,8.464868,0.003869,0.000285,8.227216,0.233454,25568,251161,"public, max-age=0, must-revalidate",284,HIT,cle1::dub1::xff8m-1791267528098-016c78772b9f,br,"Tue, 06 Oct 2026 02:16:59 GMT"
production,new,/bandas/banda-del-sol,3,2026-10-06T06:18:57.581247+00:00,200,1.1,1,9.420059,9.427451,0.007392,0.000239,9.217767,0.20202,25568,251161,"public, max-age=0, must-revalidate",293,HIT,cle1::dub1::59kx6-1791267537524-b0e898041472,br,"Tue, 06 Oct 2026 02:16:59 GMT"
production,new,/bandas/banda-del-sol,4,2026-10-06T06:19:04.932662+00:00,200,1.1,1,7.347525,7.350857,0.003332,0.000084,7.145721,0.201683,25568,251161,"public, max-age=0, must-revalidate",300,STALE,cle1::dub1::7zbjc-1791267544890-2c014df0e69c,br,"Tue, 06 Oct 2026 02:16:59 GMT"
production,new,/bandas/banda-del-sol,5,2026-10-06T06:19:13.119360+00:00,200,1.1,1,8.183080,8.186205,0.003125,0.000086,7.866248,0.316709,25568,251161,"public, max-age=0, must-revalidate",7,HIT,cle1::dub1::vwhbs-1791267552951-fb5afe3e534f,br,"Tue, 06 Oct 2026 02:16:59 GMT"
production,new,/pasos/paso-misterio-bendicion-esperanza,0,2026-10-06T06:19:21.617368+00:00,200,1.1,1,8.480189,8.483277,0.003088,0.000141,8.322107,0.157885,10180,55400,"public, max-age=0, must-revalidate",303,HIT,cle1::dub1::2rtbv-1791267561580-01296602d6f6,br,"Tue, 06 Oct 2026 05:11:49 GMT"
production,new,/pasos/paso-misterio-bendicion-esperanza,1,2026-10-06T06:19:28.920075+00:00,200,1.1,1,7.299646,7.302306,0.00266,0.000081,7.102828,0.196693,10180,55400,"public, max-age=0, must-revalidate",310,HIT,cle1::dub1::9z5jk-1791267568880-7ac0c9c3669d,br,"Tue, 06 Oct 2026 05:11:49 GMT"
production,new,/pasos/paso-misterio-bendicion-esperanza,2,2026-10-06T06:19:36.671121+00:00,200,1.1,1,7.747780,7.750761,0.002981,0.000097,7.505863,0.241772,10180,55400,"public, max-age=0, must-revalidate",318,HIT,cle1::dub1::zngnr-1791267576627-c6c1b176ec6a,br,"Tue, 06 Oct 2026 05:11:49 GMT"
production,new,/pasos/paso-misterio-bendicion-esperanza,3,2026-10-06T06:19:44.638800+00:00,200,1.1,1,7.966291,7.968494,0.002203,0.000087,7.775934,0.190174,10180,55400,"public, max-age=0, must-revalidate",326,HIT,cle1::dub1::8bkf8-1791267584588-b2d75dede7bf,br,"Tue, 06 Oct 2026 05:11:49 GMT"
production,new,/pasos/paso-misterio-bendicion-esperanza,4,2026-10-06T06:19:52.543155+00:00,200,1.1,1,7.898115,7.902661,0.004546,0.000150,7.653682,0.244232,10180,55400,"public, max-age=0, must-revalidate",334,HIT,cle1::dub1::d95gn-1791267592490-a3243c430d65,br,"Tue, 06 Oct 2026 05:11:49 GMT"
production,new,/pasos/paso-misterio-bendicion-esperanza,5,2026-10-06T06:20:00.242789+00:00,200,1.1,1,7.696244,7.699003,0.002759,0.000251,7.469181,0.226769,10180,55400,"public, max-age=0, must-revalidate",341,HIT,cle1::dub1::hsl42-1791267600196-a122f93aa511,br,"Tue, 06 Oct 2026 05:11:49 GMT"
production,new,/imagenes/jesus-presentado-al-pueblo,0,2026-10-06T06:20:10.521077+00:00,200,1.1,1,10.260477,10.264161,0.003684,0.001461,10.036909,0.22201,9484,50942,"public, max-age=0, must-revalidate",334,HIT,cle1::dub1::t948j-1791267610476-e59b946ccee3,br,"Tue, 06 Oct 2026 06:14:35 GMT"
production,new,/imagenes/jesus-presentado-al-pueblo,1,2026-10-06T06:20:20.633996+00:00,200,1.1,1,10.108965,10.112464,0.003499,0.001400,9.856538,0.250993,9484,50942,"public, max-age=0, must-revalidate",344,HIT,cle1::dub1::26m9v-1791267620582-5e0cbba9af56,br,"Tue, 06 Oct 2026 06:14:35 GMT"
production,new,/imagenes/jesus-presentado-al-pueblo,2,2026-10-06T06:20:31.197364+00:00,200,1.1,1,10.554736,10.562828,0.008092,0.000086,10.31404,0.240576,9484,50942,"public, max-age=0, must-revalidate",355,HIT,cle1::dub1::9q7pr-1791267631144-373073f35802,br,"Tue, 06 Oct 2026 06:14:35 GMT"
production,new,/imagenes/jesus-presentado-al-pueblo,3,2026-10-06T06:20:40.576485+00:00,200,1.1,1,9.374459,9.378686,0.004227,0.000423,9.182138,0.191868,9484,50942,"public, max-age=0, must-revalidate",364,HIT,cle1::dub1::8d5tm-1791267640531-142a1a87d9cf,br,"Tue, 06 Oct 2026 06:14:35 GMT"
production,new,/imagenes/jesus-presentado-al-pueblo,4,2026-10-06T06:20:48.500249+00:00,200,1.1,1,7.921317,7.923374,0.002057,0.000273,7.610765,0.310238,9484,50942,"public, max-age=0, must-revalidate",372,HIT,cle1::dub1::6p8w6-1791267648411-ce8949cc3c93,br,"Tue, 06 Oct 2026 06:14:35 GMT"
production,new,/imagenes/jesus-presentado-al-pueblo,5,2026-10-06T06:20:57.356509+00:00,200,1.1,1,8.851890,8.855854,0.003964,0.000399,8.619772,0.231685,9484,50942,"public, max-age=0, must-revalidate",381,HIT,cle1::dub1::l2nbj-1791267657309-b94bb5106d2c,br,"Tue, 06 Oct 2026 06:14:35 GMT"
production,new,/marchas/aurora-reina-manana-pablo-ojeda,0,2026-10-06T06:21:04.263334+00:00,200,1.1,1,6.892697,6.895763,0.003066,0.000302,6.302989,0.589364,8341,43513,"public, max-age=0, must-revalidate",372,HIT,cle1::dub1::4l4bw-1791267663896-c60eb147736e,br,"Tue, 06 Oct 2026 05:12:08 GMT"
production,new,/marchas/aurora-reina-manana-pablo-ojeda,1,2026-10-06T06:21:13.324571+00:00,200,1.1,1,9.058026,9.060574,0.002548,0.000223,8.813308,0.244341,8341,43513,"public, max-age=0, must-revalidate",381,HIT,cle1::dub1::4lrld-1791267673277-82060a7403ed,br,"Tue, 06 Oct 2026 05:12:08 GMT"
production,new,/marchas/aurora-reina-manana-pablo-ojeda,2,2026-10-06T06:21:20.876798+00:00,200,1.1,1,7.548745,7.551743,0.002998,0.000297,7.310955,0.237458,8341,43513,"public, max-age=0, must-revalidate",388,HIT,cle1::dub1::6vzjz-1791267680833-4f443cefc947,br,"Tue, 06 Oct 2026 05:12:08 GMT"
production,new,/marchas/aurora-reina-manana-pablo-ojeda,3,2026-10-06T06:21:29.623764+00:00,200,1.1,1,8.743133,8.746443,0.00331,0.000574,8.501807,0.240716,8341,43513,"public, max-age=0, must-revalidate",397,HIT,cle1::dub1::crf5z-1791267689568-8cf5bdd55662,br,"Tue, 06 Oct 2026 05:12:08 GMT"
production,new,/marchas/aurora-reina-manana-pablo-ojeda,4,2026-10-06T06:21:38.297373+00:00,200,1.1,1,8.671112,8.673195,0.002083,0.000859,8.438721,0.231475,8341,43513,"public, max-age=0, must-revalidate",406,HIT,cle1::dub1::w9gk6-1791267698251-21c848742984,br,"Tue, 06 Oct 2026 05:12:08 GMT"
production,new,/marchas/aurora-reina-manana-pablo-ojeda,5,2026-10-06T06:21:47.850775+00:00,200,1.1,1,9.550860,9.552871,0.002011,0.000225,9.192517,0.358078,8341,43513,"public, max-age=0, must-revalidate",415,HIT,cle1::dub1::zkf8t-1791267707627-556df4411bbf,br,"Tue, 06 Oct 2026 05:12:08 GMT"
production,new,/crucetas-musicales/virgen-salud-san-gonzalo-lunes-santo-2026,0,2026-10-06T06:21:57.214307+00:00,200,1.1,1,9.347193,9.353715,0.006522,0.000347,9.159333,0.187477,17190,192145,"public, max-age=0, must-revalidate",407,HIT,cle1::dub1::44jnq-1791267717164-ffa5ca7c81a2,br,"Mon, 05 Oct 2026 22:23:40 GMT"
production,new,/crucetas-musicales/virgen-salud-san-gonzalo-lunes-santo-2026,1,2026-10-06T06:22:04.545987+00:00,200,1.1,1,7.327485,7.331250,0.003765,0.000283,7.063634,0.26353,17190,192145,"public, max-age=0, must-revalidate",414,HIT,cle1::dub1::84q48-1791267724503-e6b72fe93de3,br,"Mon, 05 Oct 2026 22:23:40 GMT"
production,new,/crucetas-musicales/virgen-salud-san-gonzalo-lunes-santo-2026,2,2026-10-06T06:22:13.728373+00:00,200,1.1,1,9.178262,9.181813,0.003551,0.000195,8.922423,0.255608,17190,192145,"public, max-age=0, must-revalidate",424,HIT,cle1::dub1::gw8hf-1791267733674-93a3ab7b45a2,br,"Mon, 05 Oct 2026 22:23:40 GMT"
production,new,/crucetas-musicales/virgen-salud-san-gonzalo-lunes-santo-2026,3,2026-10-06T06:22:23.062620+00:00,200,1.1,1,9.330027,9.333578,0.003551,0.000302,9.129713,0.19998,17190,192145,"public, max-age=0, must-revalidate",433,HIT,cle1::dub1::qzw9d-1791267743010-188bb2001a86,br,"Mon, 05 Oct 2026 22:23:40 GMT"
production,new,/crucetas-musicales/virgen-salud-san-gonzalo-lunes-santo-2026,4,2026-10-06T06:22:31.268010+00:00,200,1.1,1,8.202271,8.204915,0.002644,0.000364,7.962986,0.238885,17190,192145,"public, max-age=0, must-revalidate",441,HIT,cle1::dub1::scxv8-1791267751179-5a0bd234d0a0,br,"Mon, 05 Oct 2026 22:23:40 GMT"
production,new,/crucetas-musicales/virgen-salud-san-gonzalo-lunes-santo-2026,5,2026-10-06T06:22:39.100197+00:00,200,1.1,1,7.826835,7.831816,0.004981,0.000253,7.637704,0.188843,17190,192145,"public, max-age=0, must-revalidate",449,HIT,cle1::dub1::phr64-1791267759050-0966f8458652,br,"Mon, 05 Oct 2026 22:23:40 GMT"
preview,reuse,/,0,2026-10-06T06:22:48.823648+00:00,200,2,1,9.634562,9.716420,0.081858,0.000479,7.012347,2.621562,16989,115978,"private, no-cache, no-store, max-age=0, must-revalidate",0,MISS,cle1::dub1::n8htr-1791267766276-a0c88f1dd090,br,"Tue, 06 Oct 2026 06:22:48 GMT"
preview,reuse,/,1,2026-10-06T06:22:49.387660+00:00,200,2,0,0.480419,0.563875,0.083456,0.000000,0.0,0.480339,16993,115978,"private, no-cache, no-store, max-age=0, must-revalidate",0,MISS,cle1::dub1::9q7pr-1791267768839-56acf0604acb,br,"Tue, 06 Oct 2026 06:22:49 GMT"
preview,reuse,/,2,2026-10-06T06:22:50.305248+00:00,200,2,0,0.477136,0.481735,0.004599,0.000000,0.0,0.477008,16993,115978,"private, no-cache, no-store, max-age=0, must-revalidate",0,MISS,cle1::dub1::dnrm2-1791267769839-165880568ca1,br,"Tue, 06 Oct 2026 06:22:50 GMT"
preview,reuse,/,3,2026-10-06T06:22:51.347702+00:00,200,2,0,0.401325,0.523490,0.122165,0.000000,0.0,0.401174,16995,115978,"private, no-cache, no-store, max-age=0, must-revalidate",0,MISS,cle1::dub1::9drmz-1791267770841-088831e5911b,br,"Tue, 06 Oct 2026 06:22:51 GMT"
preview,reuse,/,4,2026-10-06T06:22:52.265340+00:00,200,2,0,0.436081,0.439329,0.003248,0.000000,0.0,0.435956,16993,115978,"private, no-cache, no-store, max-age=0, must-revalidate",0,MISS,cle1::dub1::fb6mc-1791267771840-7ad15e37e123,br,"Tue, 06 Oct 2026 06:22:52 GMT"
preview,reuse,/,5,2026-10-06T06:22:53.290481+00:00,200,2,0,0.460549,0.463877,0.003328,0.000000,0.0,0.460419,17053,115978,"private, no-cache, no-store, max-age=0, must-revalidate",0,MISS,cle1::dub1::9drmz-1791267772842-60984ccce221,br,"Tue, 06 Oct 2026 06:22:53 GMT"
preview,reuse,/hermandades/el-baratillo,0,2026-10-06T06:23:01.964699+00:00,200,2,1,8.659185,8.664353,0.005168,0.000261,8.412681,0.246089,36487,311201,"public, max-age=0, must-revalidate",1020,STALE,cle1::dub1::z9lqz-1791267781834-5696f252b491,br,"Tue, 06 Oct 2026 06:06:00 GMT"
preview,reuse,/hermandades/el-baratillo,1,2026-10-06T06:23:02.134757+00:00,200,2,0,0.124431,0.169382,0.044951,0.000000,0.0,0.124345,36487,311201,"public, max-age=0, must-revalidate",1021,STALE,cle1::dub1::z9lqz-1791267781979-0cddc521a39f,br,"Tue, 06 Oct 2026 06:06:00 GMT"
preview,reuse,/hermandades/el-baratillo,2,2026-10-06T06:23:03.152457+00:00,200,2,0,0.143384,0.188924,0.04554,0.000000,0.0,0.143249,36487,311201,"public, max-age=0, must-revalidate",1022,STALE,cle1::dub1::4msbs-1791267782984-97f151a96381,br,"Tue, 06 Oct 2026 06:06:00 GMT"
preview,reuse,/hermandades/el-baratillo,3,2026-10-06T06:23:04.231976+00:00,200,2,0,0.257466,0.268284,0.010818,0.000000,0.0,0.257272,36507,311158,"public, max-age=0, must-revalidate",1,HIT,cle1::dub1::jnq6l-1791267783983-320f01407a72,br,"Tue, 06 Oct 2026 06:23:02 GMT"
preview,reuse,/hermandades/el-baratillo,4,2026-10-06T06:23:05.215997+00:00,200,2,0,0.241329,0.251768,0.010439,0.000000,0.0,0.241183,36507,311158,"public, max-age=0, must-revalidate",2,HIT,cle1::dub1::n8htr-1791267784987-b9d03c605ae1,br,"Tue, 06 Oct 2026 06:23:02 GMT"
preview,reuse,/hermandades/el-baratillo,5,2026-10-06T06:23:06.112015+00:00,200,2,0,0.140303,0.145572,0.005269,0.000000,0.0,0.140171,36507,311158,"public, max-age=0, must-revalidate",2,HIT,cle1::dub1::qf5wv-1791267785984-038a8e078c74,br,"Tue, 06 Oct 2026 06:23:02 GMT"
preview,reuse,/bandas/banda-del-sol,0,2026-10-06T06:23:13.584263+00:00,200,2,1,7.452831,7.456516,0.003685,0.000195,7.162273,0.29018,25560,251196,"public, max-age=0, must-revalidate",1029,STALE,cle1::dub1::p989m-1791267793452-a3fa0dbd2b70,br,"Tue, 06 Oct 2026 06:06:03 GMT"
preview,reuse,/bandas/banda-del-sol,1,2026-10-06T06:23:13.763824+00:00,200,2,0,0.133347,0.178090,0.044743,0.000000,0.0,0.133259,25560,251196,"public, max-age=0, must-revalidate",1029,STALE,cle1::dub1::p989m-1791267793601-813f85fbecdb,br,"Tue, 06 Oct 2026 06:06:03 GMT"
preview,reuse,/bandas/banda-del-sol,2,2026-10-06T06:23:14.724729+00:00,200,2,0,0.137047,0.141643,0.004596,0.000000,0.0,0.136913,25560,251196,"public, max-age=0, must-revalidate",1030,STALE,cle1::dub1::rnmm7-1791267794599-bedb09783dc1,br,"Tue, 06 Oct 2026 06:06:03 GMT"
preview,reuse,/bandas/banda-del-sol,3,2026-10-06T06:23:15.827612+00:00,200,2,0,0.237149,0.240150,0.003001,0.000000,0.0,0.237003,25560,251196,"public, max-age=0, must-revalidate",0,HIT,cle1::dub1::d6xnk-1791267795602-2cc0dcc17e3b,br,"Tue, 06 Oct 2026 06:06:03 GMT"
preview,reuse,/bandas/banda-del-sol,4,2026-10-06T06:23:16.738016+00:00,200,2,0,0.147240,0.151654,0.004414,0.000000,0.0,0.147108,25560,251196,"public, max-age=0, must-revalidate",1,HIT,cle1::dub1::bjzx6-1791267796608-564ec2859103,br,"Tue, 06 Oct 2026 06:06:03 GMT"
preview,reuse,/bandas/banda-del-sol,5,2026-10-06T06:23:17.722405+00:00,200,2,0,0.129623,0.131702,0.002079,0.000000,0.0,0.129439,25560,251196,"public, max-age=0, must-revalidate",2,HIT,cle1::dub1::gsk6l-1791267797604-1b22022f2a34,br,"Tue, 06 Oct 2026 06:06:03 GMT"
preview,reuse,/pasos/paso-misterio-bendicion-esperanza,0,2026-10-06T06:23:26.872751+00:00,200,2,1,9.140711,9.142321,0.00161,0.000229,8.784897,0.355419,10185,55435,"public, max-age=0, must-revalidate",1041,STALE,cle1::dub1::h4h2z-1791267806674-4c6c4af367d6,br,"Tue, 06 Oct 2026 06:06:05 GMT"
preview,reuse,/pasos/paso-misterio-bendicion-esperanza,1,2026-10-06T06:23:27.051584+00:00,200,2,0,0.133769,0.177451,0.043682,0.000000,0.0,0.133686,10185,55435,"public, max-age=0, must-revalidate",1041,STALE,cle1::dub1::8w5q6-1791267806886-4cc97d472287,br,"Tue, 06 Oct 2026 06:06:05 GMT"
preview,reuse,/pasos/paso-misterio-bendicion-esperanza,2,2026-10-06T06:23:28.016748+00:00,200,2,0,0.141495,0.142915,0.00142,0.000000,0.0,0.141312,10185,55435,"public, max-age=0, must-revalidate",1042,STALE,cle1::dub1::t948j-1791267807887-74e3fe0ce027,br,"Tue, 06 Oct 2026 06:06:05 GMT"
preview,reuse,/pasos/paso-misterio-bendicion-esperanza,3,2026-10-06T06:23:29.132355+00:00,200,2,0,0.257302,0.258973,0.001671,0.000000,0.0,0.257129,10185,55435,"public, max-age=0, must-revalidate",0,HIT,cle1::dub1::h4h2z-1791267808888-3e03bf4054c4,br,"Tue, 06 Oct 2026 06:06:05 GMT"
preview,reuse,/pasos/paso-misterio-bendicion-esperanza,4,2026-10-06T06:23:30.020149+00:00,200,2,0,0.145032,0.146750,0.001718,0.000000,0.0,0.144872,10185,55435,"public, max-age=0, must-revalidate",1,HIT,cle1::dub1::5mwj4-1791267809887-3236a630a54b,br,"Tue, 06 Oct 2026 06:06:05 GMT"
preview,reuse,/pasos/paso-misterio-bendicion-esperanza,5,2026-10-06T06:23:31.004059+00:00,200,2,0,0.127587,0.130972,0.003385,0.000000,0.0,0.127454,10185,55435,"public, max-age=0, must-revalidate",2,HIT,cle1::dub1::9drmz-1791267810889-6f474ccf9189,br,"Tue, 06 Oct 2026 06:06:05 GMT"
preview,reuse,/imagenes/jesus-presentado-al-pueblo,0,2026-10-06T06:23:38.360702+00:00,200,2,1,7.265400,7.349629,0.084229,0.000113,6.998891,0.266247,9506,50934,"public, max-age=0, must-revalidate",1037,STALE,cle1::dub1::qf5wv-1791267818163-8bc0e3b2cdd1,br,"Tue, 06 Oct 2026 06:06:20 GMT"
preview,reuse,/imagenes/jesus-presentado-al-pueblo,1,2026-10-06T06:23:38.543832+00:00,200,2,0,0.136744,0.179838,0.043094,0.000000,0.0,0.136653,9506,50934,"public, max-age=0, must-revalidate",1037,STALE,cle1::dub1::cw2hx-1791267818378-f9dd73bf2898,br,"Tue, 06 Oct 2026 06:06:20 GMT"
preview,reuse,/imagenes/jesus-presentado-al-pueblo,2,2026-10-06T06:23:39.607521+00:00,200,2,0,0.240065,0.244852,0.004787,0.000000,0.0,0.239923,9506,50934,"public, max-age=0, must-revalidate",0,HIT,cle1::dub1::bjzx6-1791267819378-6b07fc40585f,br,"Tue, 06 Oct 2026 06:06:20 GMT"
preview,reuse,/imagenes/jesus-presentado-al-pueblo,3,2026-10-06T06:23:40.506320+00:00,200,2,0,0.138609,0.140720,0.002111,0.000000,0.0,0.138479,9506,50934,"public, max-age=0, must-revalidate",1,HIT,cle1::dub1::rnmm7-1791267820378-191446bff21d,br,"Tue, 06 Oct 2026 06:06:20 GMT"
preview,reuse,/imagenes/jesus-presentado-al-pueblo,4,2026-10-06T06:23:41.496636+00:00,200,2,0,0.127068,0.129361,0.002293,0.000000,0.0,0.126944,9506,50934,"public, max-age=0, must-revalidate",2,HIT,cle1::dub1::gsk6l-1791267821381-e0a62afed57d,br,"Tue, 06 Oct 2026 06:06:20 GMT"
preview,reuse,/imagenes/jesus-presentado-al-pueblo,5,2026-10-06T06:23:42.523385+00:00,200,2,0,0.152556,0.155828,0.003272,0.000000,0.0,0.152354,9506,50934,"public, max-age=0, must-revalidate",3,HIT,cle1::dub1::l7h5m-1791267822383-0a6a8fe01a64,br,"Tue, 06 Oct 2026 06:06:20 GMT"
preview,reuse,/marchas/aurora-reina-manana-pablo-ojeda,0,2026-10-06T06:23:48.232913+00:00,200,2,1,5.658440,5.699917,0.041477,0.000123,5.378771,0.279392,8352,43548,"public, max-age=0, must-revalidate",1046,STALE,cle1::dub1::bpnlv-1791267828069-1a19d8dcec7a,br,"Tue, 06 Oct 2026 06:06:21 GMT"
preview,reuse,/marchas/aurora-reina-manana-pablo-ojeda,1,2026-10-06T06:23:48.407892+00:00,200,2,0,0.130472,0.171775,0.041303,0.000000,0.0,0.130378,8352,43548,"public, max-age=0, must-revalidate",1046,STALE,cle1::dub1::62p79-1791267828253-3161caa3c430,br,"Tue, 06 Oct 2026 06:06:21 GMT"
preview,reuse,/marchas/aurora-reina-manana-pablo-ojeda,2,2026-10-06T06:23:49.366103+00:00,200,2,0,0.126986,0.130373,0.003387,0.000000,0.0,0.126673,8352,43548,"public, max-age=0, must-revalidate",0,HIT,cle1::dub1::9cjbz-1791267829252-a009bb3316e4,br,"Tue, 06 Oct 2026 06:06:21 GMT"
preview,reuse,/marchas/aurora-reina-manana-pablo-ojeda,3,2026-10-06T06:23:50.496961+00:00,200,2,0,0.256231,0.259728,0.003497,0.000000,0.0,0.256068,8352,43548,"public, max-age=0, must-revalidate",1,HIT,cle1::dub1::jn5l4-1791267830265-dcbd9a0c1daf,br,"Tue, 06 Oct 2026 06:06:21 GMT"
preview,reuse,/marchas/aurora-reina-manana-pablo-ojeda,4,2026-10-06T06:23:51.376498+00:00,200,2,0,0.134458,0.136379,0.001921,0.000000,0.0,0.134316,8352,43548,"public, max-age=0, must-revalidate",2,HIT,cle1::dub1::krbq8-1791267831254-dc001d12056d,br,"Tue, 06 Oct 2026 06:06:21 GMT"
preview,reuse,/marchas/aurora-reina-manana-pablo-ojeda,5,2026-10-06T06:23:52.373734+00:00,200,2,0,0.130347,0.131956,0.001609,0.000000,0.0,0.130178,8352,43548,"public, max-age=0, must-revalidate",3,HIT,cle1::dub1::jh9cj-1791267832256-d77f6fb4da8f,br,"Tue, 06 Oct 2026 06:06:21 GMT"
preview,reuse,/crucetas-musicales/virgen-salud-san-gonzalo-lunes-santo-2026,0,2026-10-06T06:23:59.680397+00:00,200,2,1,7.253877,7.298041,0.044164,0.000240,6.900315,0.353152,17226,192180,"public, max-age=0, must-revalidate",1053,STALE,cle1::dub1::7zbjc-1791267839417-3416361f750b,br,"Tue, 06 Oct 2026 06:06:25 GMT"
preview,reuse,/crucetas-musicales/virgen-salud-san-gonzalo-lunes-santo-2026,1,2026-10-06T06:23:59.893161+00:00,200,2,0,0.130239,0.214021,0.083782,0.000000,0.0,0.130126,17226,192180,"public, max-age=0, must-revalidate",1054,STALE,cle1::dub1::8dwm2-1791267839695-91a7b315fba7,br,"Tue, 06 Oct 2026 06:06:25 GMT"
preview,reuse,/crucetas-musicales/virgen-salud-san-gonzalo-lunes-santo-2026,2,2026-10-06T06:24:01.033757+00:00,200,2,0,0.350268,0.352497,0.002229,0.000000,0.0,0.350124,17226,192180,"public, max-age=0, must-revalidate",0,HIT,cle1::dub1::l9d4n-1791267840697-38c1375b3d86,br,"Tue, 06 Oct 2026 06:06:25 GMT"
preview,reuse,/crucetas-musicales/virgen-salud-san-gonzalo-lunes-santo-2026,3,2026-10-06T06:24:01.814342+00:00,200,2,0,0.129916,0.133193,0.003277,0.000000,0.0,0.129788,17226,192180,"public, max-age=0, must-revalidate",1,HIT,cle1::dub1::8dwm2-1791267841696-3e720216dde9,br,"Tue, 06 Oct 2026 06:06:25 GMT"
preview,reuse,/crucetas-musicales/virgen-salud-san-gonzalo-lunes-santo-2026,4,2026-10-06T06:24:02.815546+00:00,200,2,0,0.129915,0.133351,0.003436,0.000000,0.0,0.129764,17226,192180,"public, max-age=0, must-revalidate",2,HIT,cle1::dub1::zk445-1791267842697-e3839c417d02,br,"Tue, 06 Oct 2026 06:06:25 GMT"
preview,reuse,/crucetas-musicales/virgen-salud-san-gonzalo-lunes-santo-2026,5,2026-10-06T06:24:03.831000+00:00,200,2,0,0.143944,0.146249,0.002305,0.000000,0.0,0.14379,17226,192180,"public, max-age=0, must-revalidate",3,HIT,cle1::dub1::cw2hx-1791267843699-6e0feba589b2,br,"Tue, 06 Oct 2026 06:06:25 GMT"
preview,new,/,0,2026-10-06T06:24:12.499196+00:00,200,1.1,1,8.648984,8.656267,0.007283,0.000435,7.966938,0.68156,16993,115978,"private, no-cache, no-store, max-age=0, must-revalidate",0,MISS,cle1::dub1::lr62k-1791267852006-e67857fc32d9,br,"Tue, 06 Oct 2026 06:24:12 GMT"
preview,new,/,1,2026-10-06T06:24:20.907302+00:00,200,1.1,1,8.330324,8.409829,0.079505,0.000320,7.810777,0.519185,16993,115978,"private, no-cache, no-store, max-age=0, must-revalidate",0,MISS,cle1::dub1::cfhjq-1791267860456-347f91ee26c9,br,"Tue, 06 Oct 2026 06:24:20 GMT"
preview,new,/,2,2026-10-06T06:24:30.108447+00:00,200,1.1,1,9.194082,9.197972,0.00389,0.000284,8.617662,0.576067,17053,115978,"private, no-cache, no-store, max-age=0, must-revalidate",0,MISS,cle1::dub1::gfzc9-1791267869682-cf74dbffea9a,br,"Tue, 06 Oct 2026 06:24:30 GMT"
preview,new,/,3,2026-10-06T06:24:38.090098+00:00,200,1.1,1,7.902357,7.982148,0.079791,0.000221,7.382592,0.519391,17053,115978,"private, no-cache, no-store, max-age=0, must-revalidate",0,MISS,cle1::dub1::8xvwf-1791267877635-2b8f5596ef11,br,"Tue, 06 Oct 2026 06:24:37 GMT"
preview,new,/,4,2026-10-06T06:24:47.834181+00:00,200,1.1,1,9.664482,9.743961,0.079479,0.000221,8.951214,0.712765,16993,115978,"private, no-cache, no-store, max-age=0, must-revalidate",0,MISS,cle1::dub1::2rtbv-1791267887236-e8caa2c6037b,br,"Tue, 06 Oct 2026 06:24:47 GMT"
preview,new,/,5,2026-10-06T06:24:58.123429+00:00,200,1.1,1,10.207427,10.287070,0.079643,0.000435,9.605324,0.601594,16989,115978,"private, no-cache, no-store, max-age=0, must-revalidate",0,MISS,cle1::dub1::jxggz-1791267897583-189a344d8e33,br,"Tue, 06 Oct 2026 06:24:57 GMT"
preview,new,/hermandades/el-baratillo,0,2026-10-06T06:25:05.162818+00:00,200,1.1,1,7.016783,7.030733,0.01395,0.000136,6.71361,0.302983,36507,311158,"public, max-age=0, must-revalidate",122,HIT,cle1::dub1::lfzrh-1791267905034-e6c26a3a469d,br,"Tue, 06 Oct 2026 06:23:02 GMT"
preview,new,/hermandades/el-baratillo,1,2026-10-06T06:25:15.099663+00:00,200,1.1,1,9.923923,9.937809,0.013886,0.000100,9.616182,0.307603,36507,311158,"public, max-age=0, must-revalidate",131,HIT,cle1::dub1::gfzc9-1791267914969-c26539caf450,br,"Tue, 06 Oct 2026 06:23:02 GMT"
preview,new,/hermandades/el-baratillo,2,2026-10-06T06:25:26.210998+00:00,200,1.1,1,11.104499,11.108725,0.004226,0.000335,10.791463,0.312661,36507,311158,"public, max-age=0, must-revalidate",143,HIT,cle1::dub1::dv4mq-1791267926080-6cec330cc812,br,"Tue, 06 Oct 2026 06:23:02 GMT"
preview,new,/hermandades/el-baratillo,3,2026-10-06T06:25:34.415173+00:00,200,1.1,1,8.190876,8.203623,0.012747,0.000244,7.902467,0.288049,36507,311158,"public, max-age=0, must-revalidate",151,HIT,cle1::dub1::9gftp-1791267934282-0d867d32ad89,br,"Tue, 06 Oct 2026 06:23:02 GMT"
preview,new,/hermandades/el-baratillo,4,2026-10-06T06:25:42.014041+00:00,200,1.1,1,7.596896,7.599647,0.002751,0.000367,7.279451,0.317033,36507,311158,"public, max-age=0, must-revalidate",158,HIT,cle1::dub1::xb289-1791267941895-d6275775dfbb,br,"Tue, 06 Oct 2026 06:23:02 GMT"
preview,new,/hermandades/el-baratillo,5,2026-10-06T06:25:52.594635+00:00,200,1.1,1,10.576644,10.581325,0.004681,0.000228,10.299069,0.277305,36507,311158,"public, max-age=0, must-revalidate",169,HIT,cle1::dub1::z9lqz-1791267952467-b880fbb1b58b,br,"Tue, 06 Oct 2026 06:23:02 GMT"
preview,new,/bandas/banda-del-sol,0,2026-10-06T06:26:01.357321+00:00,200,1.1,1,8.746334,8.751213,0.004879,0.000435,8.462131,0.283702,25560,251196,"public, max-age=0, must-revalidate",166,HIT,cle1::dub1::6vzjz-1791267961230-059ad921cfa6,br,"Tue, 06 Oct 2026 06:06:03 GMT"
preview,new,/bandas/banda-del-sol,1,2026-10-06T06:26:18.191340+00:00,200,1.1,1,16.828241,16.833159,0.004918,0.000079,16.515668,0.312457,25560,251196,"public, max-age=0, must-revalidate",183,HIT,cle1::dub1::xff8m-1791267978055-eaa8e6b4b245,br,"Tue, 06 Oct 2026 06:06:03 GMT"
preview,new,/bandas/banda-del-sol,2,2026-10-06T06:26:28.676392+00:00,200,1.1,1,10.471254,10.484232,0.012978,0.000365,10.136861,0.333544,25560,251196,"public, max-age=0, must-revalidate",193,HIT,cle1::dub1::95fk5-1791267988532-b79ac65ec5a1,br,"Tue, 06 Oct 2026 06:06:03 GMT"
preview,new,/bandas/banda-del-sol,3,2026-10-06T06:26:38.371485+00:00,200,1.1,1,9.690731,9.694539,0.003808,0.000631,9.376522,0.313497,25560,251196,"public, max-age=0, must-revalidate",203,HIT,cle1::dub1::hsl42-1791267998239-e251b849b724,br,"Tue, 06 Oct 2026 06:06:03 GMT"
preview,new,/bandas/banda-del-sol,4,2026-10-06T06:26:47.669201+00:00,200,1.1,1,9.293592,9.296982,0.00339,0.000243,8.946706,0.346601,25560,251196,"public, max-age=0, must-revalidate",212,HIT,cle1::dub1::8fgqw-1791268007543-8f0d32936607,br,"Tue, 06 Oct 2026 06:06:03 GMT"
preview,new,/bandas/banda-del-sol,5,2026-10-06T06:26:58.027007+00:00,200,1.1,1,10.351767,10.357441,0.005674,0.000247,10.032272,0.319171,25560,251196,"public, max-age=0, must-revalidate",223,HIT,cle1::dub1::8xvwf-1791268017898-fa36ac2e25bc,br,"Tue, 06 Oct 2026 06:06:03 GMT"
preview,new,/pasos/paso-misterio-bendicion-esperanza,0,2026-10-06T06:27:13.088478+00:00,200,1.1,1,15.049390,15.052170,0.00278,0.000276,14.732505,0.316552,10185,55435,"public, max-age=0, must-revalidate",224,HIT,cle1::dub1::wtbrh-1791268032964-2a8e88a20881,br,"Tue, 06 Oct 2026 06:06:05 GMT"
preview,new,/pasos/paso-misterio-bendicion-esperanza,1,2026-10-06T06:27:25.460016+00:00,200,1.1,1,12.368867,12.371147,0.00228,0.000413,12.061274,0.307036,10185,55435,"public, max-age=0, must-revalidate",237,HIT,cle1::dub1::s7rl8-1791268045336-604f992c7a24,br,"Tue, 06 Oct 2026 06:06:05 GMT"
preview,new,/pasos/paso-misterio-bendicion-esperanza,2,2026-10-06T06:27:32.741861+00:00,200,1.1,1,7.277915,7.281232,0.003317,0.000077,6.968511,0.308751,10185,55435,"public, max-age=0, must-revalidate",244,HIT,cle1::dub1::rbpw6-1791268052615-1dd5528779c8,br,"Tue, 06 Oct 2026 06:06:05 GMT"
preview,new,/pasos/paso-misterio-bendicion-esperanza,3,2026-10-06T06:27:40.102031+00:00,200,1.1,1,7.355801,7.359626,0.003825,0.000283,7.038133,0.317315,10185,55435,"public, max-age=0, must-revalidate",251,HIT,cle1::dub1::c4fwk-1791268059977-75c05d98ea27,br,"Tue, 06 Oct 2026 06:06:05 GMT"
preview,new,/pasos/paso-misterio-bendicion-esperanza,4,2026-10-06T06:27:48.943961+00:00,200,1.1,1,8.838096,8.841345,0.003249,0.000363,8.566719,0.270975,10185,55435,"public, max-age=0, must-revalidate",260,HIT,cle1::dub1::4pnqf-1791268068817-7c00d2b75a6d,br,"Tue, 06 Oct 2026 06:06:05 GMT"
preview,new,/pasos/paso-misterio-bendicion-esperanza,5,2026-10-06T06:27:56.635702+00:00,200,1.1,1,7.687602,7.691365,0.003763,0.000084,7.413364,0.274037,10185,55435,"public, max-age=0, must-revalidate",268,HIT,cle1::dub1::xffzt-1791268076514-993c69d4220b,br,"Tue, 06 Oct 2026 06:06:05 GMT"
preview,new,/imagenes/jesus-presentado-al-pueblo,0,2026-10-06T06:28:05.061636+00:00,200,1.1,1,8.409550,8.414845,0.005295,0.000271,8.059959,0.349266,9506,50934,"public, max-age=0, must-revalidate",266,HIT,cle1::dub1::jd2fc-1791268084940-248ce0b92a2d,br,"Tue, 06 Oct 2026 06:06:20 GMT"
preview,new,/imagenes/jesus-presentado-al-pueblo,1,2026-10-06T06:28:15.685720+00:00,200,1.1,1,10.620123,10.623054,0.002931,0.000111,10.308263,0.311707,9506,50934,"public, max-age=0, must-revalidate",276,HIT,cle1::dub1::h44n7-1791268095564-01eb66bbf554,br,"Tue, 06 Oct 2026 06:06:20 GMT"
preview,new,/imagenes/jesus-presentado-al-pueblo,2,2026-10-06T06:28:23.090253+00:00,200,1.1,1,7.398052,7.404106,0.006054,0.000238,7.087307,0.310466,9506,50934,"public, max-age=0, must-revalidate",284,HIT,cle1::dub1::ls8xp-1791268102963-3c6c882fb3ee,br,"Tue, 06 Oct 2026 06:06:20 GMT"
preview,new,/imagenes/jesus-presentado-al-pueblo,3,2026-10-06T06:28:32.140626+00:00,200,1.1,1,9.047706,9.049904,0.002198,0.000069,8.726322,0.321273,9506,50934,"public, max-age=0, must-revalidate",293,HIT,cle1::dub1::8bkf8-1791268112007-69e1082e2831,br,"Tue, 06 Oct 2026 06:06:20 GMT"
preview,new,/imagenes/jesus-presentado-al-pueblo,4,2026-10-06T06:28:38.943575+00:00,200,1.1,1,6.800052,6.802451,0.002399,0.000337,6.488094,0.31158,9506,50934,"public, max-age=0, must-revalidate",299,HIT,cle1::dub1::pxzjq-1791268118825-007a257b00e7,br,"Tue, 06 Oct 2026 06:06:20 GMT"
preview,new,/imagenes/jesus-presentado-al-pueblo,5,2026-10-06T06:28:46.729731+00:00,200,1.1,1,7.782925,7.785719,0.002794,0.000245,7.463555,0.319082,9506,50934,"public, max-age=0, must-revalidate",307,HIT,cle1::dub1::xwksh-1791268126601-0d8d821342c7,br,"Tue, 06 Oct 2026 06:06:20 GMT"
preview,new,/marchas/aurora-reina-manana-pablo-ojeda,0,2026-10-06T06:28:55.300449+00:00,200,1.1,1,8.557926,8.560713,0.002787,0.000127,8.237293,0.320455,8352,43548,"public, max-age=0, must-revalidate",306,HIT,cle1::dub1::4zssx-1791268135173-f367b22ecbfa,br,"Tue, 06 Oct 2026 06:06:21 GMT"
preview,new,/marchas/aurora-reina-manana-pablo-ojeda,1,2026-10-06T06:29:03.526704+00:00,200,1.1,1,8.221442,8.226112,0.00467,0.000277,7.869325,0.351799,8352,43548,"public, max-age=0, must-revalidate",314,HIT,cle1::dub1::n4qwt-1791268143331-3341b4a57a24,br,"Tue, 06 Oct 2026 06:06:21 GMT"
preview,new,/marchas/aurora-reina-manana-pablo-ojeda,2,2026-10-06T06:29:12.935293+00:00,200,1.1,1,9.392683,9.407636,0.014953,0.000610,9.081724,0.31031,8352,43548,"public, max-age=0, must-revalidate",323,HIT,cle1::dub1::v7hqm-1791268152806-43fa6672b9a2,br,"Tue, 06 Oct 2026 06:06:21 GMT"
preview,new,/marchas/aurora-reina-manana-pablo-ojeda,3,2026-10-06T06:29:23.541513+00:00,200,1.1,1,10.600836,10.605701,0.004865,0.000083,10.322091,0.278618,8352,43548,"public, max-age=0, must-revalidate",334,HIT,cle1::dub1::ggb7z-1791268163416-7a216b48fc17,br,"Tue, 06 Oct 2026 06:06:21 GMT"
preview,new,/marchas/aurora-reina-manana-pablo-ojeda,4,2026-10-06T06:29:34.919710+00:00,200,1.1,1,11.370273,11.377783,0.00751,0.000525,11.116698,0.253009,8352,43548,"public, max-age=0, must-revalidate",345,HIT,cle1::dub1::bp2lm-1791268174794-64964e3e4178,br,"Tue, 06 Oct 2026 06:06:21 GMT"
preview,new,/marchas/aurora-reina-manana-pablo-ojeda,5,2026-10-06T06:29:43.489584+00:00,200,1.1,1,8.568892,8.569249,0.000357,0.000085,8.277591,0.291174,8352,43548,"public, max-age=0, must-revalidate",354,HIT,cle1::dub1::lfg8g-1791268183361-21878ed64b3a,br,"Tue, 06 Oct 2026 06:06:21 GMT"
preview,new,/crucetas-musicales/virgen-salud-san-gonzalo-lunes-santo-2026,0,2026-10-06T06:29:53.829807+00:00,200,1.1,1,10.326794,10.330703,0.003909,0.000248,9.986348,0.340141,17226,192180,"public, max-age=0, must-revalidate",353,HIT,cle1::dub1::q5hfr-1791268193698-a821b2134eb3,br,"Tue, 06 Oct 2026 06:06:25 GMT"
preview,new,/crucetas-musicales/virgen-salud-san-gonzalo-lunes-santo-2026,1,2026-10-06T06:29:59.651896+00:00,200,1.1,1,5.818183,5.821730,0.003547,0.000348,5.492142,0.325653,17226,192180,"public, max-age=0, must-revalidate",359,HIT,cle1::dub1::hszcl-1791268199507-b30e49d88d97,br,"Tue, 06 Oct 2026 06:06:25 GMT"
preview,new,/crucetas-musicales/virgen-salud-san-gonzalo-lunes-santo-2026,2,2026-10-06T06:30:07.643076+00:00,200,1.1,1,7.986861,7.990496,0.003635,0.000391,7.697378,0.28905,17226,192180,"public, max-age=0, must-revalidate",367,HIT,cle1::dub1::7sq5t-1791268207508-64556dcbd1f5,br,"Tue, 06 Oct 2026 06:06:25 GMT"
preview,new,/crucetas-musicales/virgen-salud-san-gonzalo-lunes-santo-2026,3,2026-10-06T06:30:17.441584+00:00,200,1.1,1,9.793412,9.798016,0.004604,0.000246,9.466447,0.32668,17226,192180,"public, max-age=0, must-revalidate",376,HIT,cle1::dub1::ggb7z-1791268217307-c932de9f4390,br,"Tue, 06 Oct 2026 06:06:25 GMT"
preview,new,/crucetas-musicales/virgen-salud-san-gonzalo-lunes-santo-2026,4,2026-10-06T06:30:37.769385+00:00,200,1.1,1,20.323777,20.327073,0.003296,0.000208,19.979514,0.344013,17226,192180,"public, max-age=0, must-revalidate",397,HIT,cle1::dub1::ggb7z-1791268237643-0007fa9c8d73,br,"Tue, 06 Oct 2026 06:06:25 GMT"
preview,new,/crucetas-musicales/virgen-salud-san-gonzalo-lunes-santo-2026,5,2026-10-06T06:30:46.241807+00:00,200,1.1,1,8.469027,8.473217,0.00419,0.000120,8.143061,0.325803,17226,192180,"public, max-age=0, must-revalidate",405,HIT,cle1::dub1::mzf9s-1791268246098-86d660339070,br,"Tue, 06 Oct 2026 06:06:25 GMT"
