env,mode,route,rep,observed_at_utc,http_code,http_version,num_connects,time_starttransfer,time_total,html_download_seconds,connect_seconds,tunnel_tls_seconds,request_wait_seconds,size_download,decoded_html_bytes,cache-control,age,x-vercel-cache,x-vercel-id,content-encoding,date
production,reuse,/,0,2026-10-06T05:11:16.476862+00:00,200,2,1,6.468897,6.472556,0.003659,0.000133,6.152021,0.316625,16900,115703,"private, no-cache, no-store, max-age=0, must-revalidate",0,MISS,cle1::dub1::ths4l-1791263476285-357656d54b69,br,"Tue, 06 Oct 2026 05:11:16 GMT"
production,reuse,/,1,2026-10-06T05:11:16.992873+00:00,200,2,0,0.431116,0.515445,0.084329,0.000000,0.0,0.431034,17088,115703,"private, no-cache, no-store, max-age=0, must-revalidate",0,MISS,cle1::dub1::cvz9t-1791263476492-5c62420accf8,br,"Tue, 06 Oct 2026 05:11:16 GMT"
production,reuse,/,2,2026-10-06T05:11:17.648211+00:00,200,2,0,0.167456,0.170337,0.002881,0.000000,0.0,0.167318,17082,115703,"private, no-cache, no-store, max-age=0, must-revalidate",0,MISS,cle1::dub1::9drmz-1791263477494-18055bdb6e3f,br,"Tue, 06 Oct 2026 05:11:17 GMT"
production,reuse,/,3,2026-10-06T05:11:18.709359+00:00,200,2,0,0.227039,0.229666,0.002627,0.000000,0.0,0.22686,17023,115703,"private, no-cache, no-store, max-age=0, must-revalidate",0,MISS,cle1::dub1::hhp85-1791263478494-1616dacebdf7,br,"Tue, 06 Oct 2026 05:11:18 GMT"
production,reuse,/,4,2026-10-06T05:11:19.752932+00:00,200,2,0,0.192745,0.273523,0.080778,0.000000,0.0,0.192625,17022,115703,"private, no-cache, no-store, max-age=0, must-revalidate",0,MISS,cle1::dub1::8w5q6-1791263479496-6fc6eb92987c,br,"Tue, 06 Oct 2026 05:11:19 GMT"
production,reuse,/,5,2026-10-06T05:11:20.780954+00:00,200,2,0,0.221041,0.300566,0.079525,0.000000,0.0,0.2209,17009,115703,"private, no-cache, no-store, max-age=0, must-revalidate",0,MISS,cle1::dub1::dq7wz-1791263480502-77e6ca3b2cba,br,"Tue, 06 Oct 2026 05:11:20 GMT"
production,reuse,/hermandades/el-baratillo,0,2026-10-06T05:11:28.410092+00:00,200,2,1,7.616145,7.618360,0.002215,0.000106,7.300415,0.315503,36345,310840,"public, max-age=0, must-revalidate",2191,STALE,cle1::dub1::bp2lm-1791263488236-63c4e4245edc,br,"Tue, 06 Oct 2026 04:34:56 GMT"
production,reuse,/hermandades/el-baratillo,1,2026-10-06T05:11:28.508413+00:00,200,2,0,0.055271,0.097906,0.042635,0.000000,0.0,0.055197,36345,310840,"public, max-age=0, must-revalidate",2191,HIT,cle1::dub1::dq7wz-1791263488422-82ff517bba02,br,"Tue, 06 Oct 2026 04:34:56 GMT"
production,reuse,/hermandades/el-baratillo,2,2026-10-06T05:11:29.477663+00:00,200,2,0,0.064042,0.067049,0.003007,0.000000,0.0,0.06388,36345,310840,"public, max-age=0, must-revalidate",2192,STALE,cle1::dub1::r2lnh-1791263489424-bf49c9f3f30a,br,"Tue, 06 Oct 2026 04:34:56 GMT"
production,reuse,/hermandades/el-baratillo,3,2026-10-06T05:11:30.580816+00:00,200,2,0,0.165841,0.168273,0.002432,0.000000,0.0,0.16569,36345,310840,"public, max-age=0, must-revalidate",2194,STALE,cle1::dub1::krbq8-1791263490426-bd0cb6d92940,br,"Tue, 06 Oct 2026 04:34:56 GMT"
production,reuse,/hermandades/el-baratillo,4,2026-10-06T05:11:31.476987+00:00,200,2,0,0.061205,0.063774,0.002569,0.000000,0.0,0.061063,36345,310840,"public, max-age=0, must-revalidate",2194,STALE,cle1::dub1::6p8w6-1791263491427-bd6eb27f6bd8,br,"Tue, 06 Oct 2026 04:34:56 GMT"
production,reuse,/hermandades/el-baratillo,5,2026-10-06T05:11:32.475624+00:00,200,2,0,0.057793,0.058467,0.000674,0.000000,0.0,0.057654,36374,310926,"public, max-age=0, must-revalidate",1,HIT,cle1::dub1::t948j-1791263492428-0f7332502d9f,br,"Tue, 06 Oct 2026 05:11:30 GMT"
production,reuse,/bandas/banda-del-sol,0,2026-10-06T05:11:39.007819+00:00,200,2,1,6.524379,6.526403,0.002024,0.000125,6.148074,0.376041,25568,251161,"public, max-age=0, must-revalidate",8283,STALE,cle1::dub1::phr64-1791263498820-433ec3870b44,br,"Tue, 06 Oct 2026 02:16:59 GMT"
production,reuse,/bandas/banda-del-sol,1,2026-10-06T05:11:39.141344+00:00,200,2,0,0.050399,0.134285,0.083886,0.000000,0.0,0.050329,25568,251161,"public, max-age=0, must-revalidate",8283,HIT,cle1::dub1::lqpvm-1791263499024-c158393fdc83,br,"Tue, 06 Oct 2026 02:16:59 GMT"
production,reuse,/bandas/banda-del-sol,2,2026-10-06T05:11:40.097364+00:00,200,2,0,0.077881,0.090730,0.012849,0.000000,0.0,0.077727,25568,251161,"public, max-age=0, must-revalidate",8284,STALE,cle1::dub1::8xvwf-1791263500023-6e95387dcb61,br,"Tue, 06 Oct 2026 02:16:59 GMT"
production,reuse,/bandas/banda-del-sol,3,2026-10-06T05:11:41.223790+00:00,200,2,0,0.167777,0.211127,0.04335,0.000000,0.0,0.167634,25568,251161,"public, max-age=0, must-revalidate",0,HIT,cle1::dub1::qd65q-1791263501025-3199de75e76d,br,"Tue, 06 Oct 2026 02:16:59 GMT"
production,reuse,/bandas/banda-del-sol,4,2026-10-06T05:11:42.067152+00:00,200,2,0,0.051467,0.054798,0.003331,0.000000,0.0,0.05132,25568,251161,"public, max-age=0, must-revalidate",1,HIT,cle1::dub1::8ttzv-1791263502025-f3492e2cfbe8,br,"Tue, 06 Oct 2026 02:16:59 GMT"
production,reuse,/bandas/banda-del-sol,5,2026-10-06T05:11:43.081428+00:00,200,2,0,0.064917,0.068438,0.003521,0.000000,0.0,0.064784,25568,251161,"public, max-age=0, must-revalidate",2,HIT,cle1::dub1::sj99n-1791263503029-9a67a18e3acd,br,"Tue, 06 Oct 2026 02:16:59 GMT"
production,reuse,/pasos/paso-misterio-bendicion-esperanza,0,2026-10-06T05:11:49.239649+00:00,200,2,1,6.088729,6.142538,0.053809,0.000137,4.965257,1.123219,10180,55400,"public, max-age=0, must-revalidate",0,MISS,cle1::dub1::44jnq-1791263508225-0389b24bf662,br,"Tue, 06 Oct 2026 05:11:49 GMT"
production,reuse,/pasos/paso-misterio-bendicion-esperanza,1,2026-10-06T05:11:49.619557+00:00,200,2,0,0.332313,0.379783,0.04747,0.000000,0.0,0.332245,10180,55400,"public, max-age=0, must-revalidate",0,MISS,cle1::dub1::6pxb5-1791263509251-5678facdeb89,br,"Tue, 06 Oct 2026 05:11:49 GMT"
production,reuse,/pasos/paso-misterio-bendicion-esperanza,2,2026-10-06T05:11:50.299646+00:00,200,2,0,0.057238,0.057509,0.000271,0.000000,0.0,0.057088,10180,55400,"public, max-age=0, must-revalidate",1,HIT,cle1::dub1::lqpvm-1791263510256-bbe88c1d1e8a,br,"Tue, 06 Oct 2026 05:11:49 GMT"
production,reuse,/pasos/paso-misterio-bendicion-esperanza,3,2026-10-06T05:11:51.291462+00:00,200,2,0,0.047406,0.048996,0.00159,0.000000,0.0,0.047229,10180,55400,"public, max-age=0, must-revalidate",2,HIT,cle1::dub1::4tz8k-1791263511256-51b213dcfc5d,br,"Tue, 06 Oct 2026 05:11:49 GMT"
production,reuse,/pasos/paso-misterio-bendicion-esperanza,4,2026-10-06T05:11:52.297718+00:00,200,2,0,0.052184,0.053951,0.001767,0.000000,0.0,0.052007,10180,55400,"public, max-age=0, must-revalidate",3,HIT,cle1::dub1::l6zgd-1791263512257-fe77bbdfd887,br,"Tue, 06 Oct 2026 05:11:49 GMT"
production,reuse,/pasos/paso-misterio-bendicion-esperanza,5,2026-10-06T05:11:53.297123+00:00,200,2,0,0.050750,0.052343,0.001593,0.000000,0.0,0.05058,10180,55400,"public, max-age=0, must-revalidate",4,HIT,cle1::dub1::xff8m-1791263513258-08875b0f0630,br,"Tue, 06 Oct 2026 05:11:49 GMT"
production,reuse,/imagenes/jesus-presentado-al-pueblo,0,2026-10-06T05:11:57.943723+00:00,200,2,1,4.595971,4.640382,0.044411,0.000105,3.611108,0.984636,9457,50899,"public, max-age=0, must-revalidate",0,MISS,cle1::dub1::xb289-1791263517060-4d3d3da85e47,br,"Tue, 06 Oct 2026 05:11:57 GMT"
production,reuse,/imagenes/jesus-presentado-al-pueblo,1,2026-10-06T05:11:58.335940+00:00,200,2,0,0.348072,0.391830,0.043758,0.000000,0.0,0.348002,9457,50899,"public, max-age=0, must-revalidate",0,MISS,cle1::dub1::qtv6v-1791263517956-c2b9b2d1d5b6,br,"Tue, 06 Oct 2026 05:11:57 GMT"
production,reuse,/imagenes/jesus-presentado-al-pueblo,2,2026-10-06T05:11:58.998161+00:00,200,2,0,0.050189,0.051817,0.001628,0.000000,0.0,0.050056,9457,50899,"public, max-age=0, must-revalidate",1,HIT,cle1::dub1::4bmnv-1791263518958-2d95cbcce51d,br,"Tue, 06 Oct 2026 05:11:57 GMT"
production,reuse,/imagenes/jesus-presentado-al-pueblo,3,2026-10-06T05:12:00.125354+00:00,200,2,0,0.173733,0.175789,0.002056,0.000000,0.0,0.173598,9457,50899,"public, max-age=0, must-revalidate",2,HIT,cle1::dub1::l9d4n-1791263519961-e2a5a972c5ba,br,"Tue, 06 Oct 2026 05:11:57 GMT"
production,reuse,/imagenes/jesus-presentado-al-pueblo,4,2026-10-06T05:12:00.997608+00:00,200,2,0,0.045807,0.047202,0.001395,0.000000,0.0,0.045676,9457,50899,"public, max-age=0, must-revalidate",3,HIT,cle1::dub1::gsk6l-1791263520963-161fbabb279e,br,"Tue, 06 Oct 2026 05:11:57 GMT"
production,reuse,/imagenes/jesus-presentado-al-pueblo,5,2026-10-06T05:12:02.003740+00:00,200,2,0,0.050538,0.052311,0.001773,0.000000,0.0,0.050394,9457,50899,"public, max-age=0, must-revalidate",4,HIT,cle1::dub1::lfg8g-1791263521963-fc24dd056a4d,br,"Tue, 06 Oct 2026 05:11:57 GMT"
production,reuse,/marchas/aurora-reina-manana-pablo-ojeda,0,2026-10-06T05:12:08.515768+00:00,200,2,1,6.461988,6.505144,0.043156,0.000123,5.604598,0.857133,8341,43513,"public, max-age=0, must-revalidate",0,MISS,cle1::dub1::l6zgd-1791263527760-a5c2a3eafddd,br,"Tue, 06 Oct 2026 05:12:08 GMT"
production,reuse,/marchas/aurora-reina-manana-pablo-ojeda,1,2026-10-06T05:12:08.957974+00:00,200,2,0,0.357631,0.442512,0.084881,0.000000,0.0,0.35754,8341,43513,"public, max-age=0, must-revalidate",0,MISS,cle1::dub1::mtb8x-1791263528528-4840cc345d5d,br,"Tue, 06 Oct 2026 05:12:08 GMT"
production,reuse,/marchas/aurora-reina-manana-pablo-ojeda,2,2026-10-06T05:12:09.581522+00:00,200,2,0,0.063668,0.065339,0.001671,0.000000,0.0,0.063522,8341,43513,"public, max-age=0, must-revalidate",1,HIT,cle1::dub1::425v5-1791263529529-c84d3061f589,br,"Tue, 06 Oct 2026 05:12:08 GMT"
production,reuse,/marchas/aurora-reina-manana-pablo-ojeda,3,2026-10-06T05:12:10.602009+00:00,200,2,0,0.082337,0.084198,0.001861,0.000000,0.0,0.082163,8341,43513,"public, max-age=0, must-revalidate",2,HIT,cle1::dub1::6t6vd-1791263530531-eaa43c24f3df,br,"Tue, 06 Oct 2026 05:12:08 GMT"
production,reuse,/marchas/aurora-reina-manana-pablo-ojeda,4,2026-10-06T05:12:11.683844+00:00,200,2,0,0.162859,0.165292,0.002433,0.000000,0.0,0.16273,8341,43513,"public, max-age=0, must-revalidate",3,HIT,cle1::dub1::zszt9-1791263531532-5d8fe7f33950,br,"Tue, 06 Oct 2026 05:12:08 GMT"
production,reuse,/marchas/aurora-reina-manana-pablo-ojeda,5,2026-10-06T05:12:12.574050+00:00,200,2,0,0.051040,0.054280,0.00324,0.000000,0.0,0.050871,8341,43513,"public, max-age=0, must-revalidate",4,HIT,cle1::dub1::l9d4n-1791263532534-117b3388468f,br,"Tue, 06 Oct 2026 05:12:08 GMT"
production,reuse,/crucetas-musicales/virgen-salud-san-gonzalo-lunes-santo-2026,0,2026-10-06T05:12:17.422348+00:00,200,2,1,4.838038,4.840645,0.002607,0.000109,4.457656,0.380138,17190,192145,"public, max-age=0, must-revalidate",591,HIT,cle1::dub1::67j2s-1791263537221-ea3b81604887,br,"Mon, 05 Oct 2026 22:23:40 GMT"
production,reuse,/crucetas-musicales/virgen-salud-san-gonzalo-lunes-santo-2026,1,2026-10-06T05:12:17.521284+00:00,200,2,0,0.051757,0.097458,0.045701,0.000000,0.0,0.051686,17190,192145,"public, max-age=0, must-revalidate",591,HIT,cle1::dub1::67j2s-1791263537442-812764eee1ab,br,"Mon, 05 Oct 2026 22:23:40 GMT"
production,reuse,/crucetas-musicales/virgen-salud-san-gonzalo-lunes-santo-2026,2,2026-10-06T05:12:18.482303+00:00,200,2,0,0.055877,0.057650,0.001773,0.000000,0.0,0.055739,17190,192145,"public, max-age=0, must-revalidate",592,HIT,cle1::dub1::95fk5-1791263538438-316f0db4fec2,br,"Mon, 05 Oct 2026 22:23:40 GMT"
production,reuse,/crucetas-musicales/virgen-salud-san-gonzalo-lunes-santo-2026,3,2026-10-06T05:12:19.473470+00:00,200,2,0,0.044767,0.047360,0.002593,0.000000,0.0,0.044625,17190,192145,"public, max-age=0, must-revalidate",593,HIT,cle1::dub1::9cjbz-1791263539439-8a9042068ba1,br,"Mon, 05 Oct 2026 22:23:40 GMT"
production,reuse,/crucetas-musicales/virgen-salud-san-gonzalo-lunes-santo-2026,4,2026-10-06T05:12:20.483588+00:00,200,2,0,0.053402,0.055604,0.002202,0.000000,0.0,0.05326,17190,192145,"public, max-age=0, must-revalidate",594,HIT,cle1::dub1::dxx96-1791263540441-6575e0cc8983,br,"Mon, 05 Oct 2026 22:23:40 GMT"
production,reuse,/crucetas-musicales/virgen-salud-san-gonzalo-lunes-santo-2026,5,2026-10-06T05:12:21.482346+00:00,200,2,0,0.050435,0.054754,0.004319,0.000000,0.0,0.050273,17190,192145,"public, max-age=0, must-revalidate",595,HIT,cle1::dub1::8bkf8-1791263541443-ed797fd5ed5b,br,"Mon, 05 Oct 2026 22:23:40 GMT"
production,new,/,0,2026-10-06T05:12:27.714367+00:00,200,1.1,1,6.138117,6.223642,0.085525,0.000102,4.781467,1.356509,17107,115703,"private, no-cache, no-store, max-age=0, must-revalidate",0,MISS,cle1::dub1::59kx6-1791263546419-6c267b65675a,br,"Tue, 06 Oct 2026 05:12:27 GMT"
production,new,/,1,2026-10-06T05:12:34.557883+00:00,200,1.1,1,6.837799,6.841637,0.003838,0.000074,6.213295,0.624383,17067,115703,"private, no-cache, no-store, max-age=0, must-revalidate",0,MISS,cle1::dub1::b5xhj-1791263554075-9c4c5e07bdc3,br,"Tue, 06 Oct 2026 05:12:34 GMT"
production,new,/,2,2026-10-06T05:12:39.498602+00:00,200,1.1,1,4.859127,4.943331,0.084204,0.000077,4.491085,0.367926,16980,115703,"private, no-cache, no-store, max-age=0, must-revalidate",0,MISS,cle1::dub1::bgmmv-1791263559227-f39c117c71e7,br,"Tue, 06 Oct 2026 05:12:39 GMT"
production,new,/,3,2026-10-06T05:12:45.010029+00:00,200,1.1,1,5.503101,5.507998,0.004897,0.000080,5.114033,0.388954,17082,115703,"private, no-cache, no-store, max-age=0, must-revalidate",0,MISS,cle1::dub1::z9lqz-1791263564776-e50538abd52e,br,"Tue, 06 Oct 2026 05:12:44 GMT"
production,new,/,4,2026-10-06T05:12:51.474189+00:00,200,1.1,1,6.460942,6.463573,0.002631,0.000080,6.07211,0.388674,16980,115703,"private, no-cache, no-store, max-age=0, must-revalidate",0,MISS,cle1::dub1::bjzx6-1791263571256-5118204fc819,br,"Tue, 06 Oct 2026 05:12:51 GMT"
production,new,/,5,2026-10-06T05:12:56.807869+00:00,200,1.1,1,5.255790,5.334725,0.078935,0.000071,4.848466,0.407217,16980,115703,"private, no-cache, no-store, max-age=0, must-revalidate",0,MISS,cle1::dub1::zvghg-1791263576510-50bc1787173b,br,"Tue, 06 Oct 2026 05:12:56 GMT"
production,new,/hermandades/el-baratillo,0,2026-10-06T05:13:02.265629+00:00,200,1.1,1,5.444870,5.448966,0.004096,0.000110,5.115618,0.329071,36374,310926,"public, max-age=0, must-revalidate",91,HIT,cle1::dub1::5mwj4-1791263582085-cf0ac841249c,br,"Tue, 06 Oct 2026 05:11:30 GMT"
production,new,/hermandades/el-baratillo,1,2026-10-06T05:13:09.563176+00:00,200,1.1,1,7.295642,7.297825,0.002183,0.000076,7.089144,0.206389,36374,310926,"public, max-age=0, must-revalidate",98,HIT,cle1::dub1::nm9pn-1791263589515-1007fea7de7a,br,"Tue, 06 Oct 2026 05:11:30 GMT"
production,new,/hermandades/el-baratillo,2,2026-10-06T05:13:14.451059+00:00,200,1.1,1,4.886168,4.888637,0.002469,0.000104,4.63955,0.246487,36374,310926,"public, max-age=0, must-revalidate",103,HIT,cle1::dub1::8w5q6-1791263594397-69c420654270,br,"Tue, 06 Oct 2026 05:11:30 GMT"
production,new,/hermandades/el-baratillo,3,2026-10-06T05:13:19.964772+00:00,200,1.1,1,5.509741,5.513098,0.003357,0.000108,5.305401,0.204177,36374,310926,"public, max-age=0, must-revalidate",109,HIT,cle1::dub1::5mwj4-1791263599918-32d677b69638,br,"Tue, 06 Oct 2026 05:11:30 GMT"
production,new,/hermandades/el-baratillo,4,2026-10-06T05:13:24.738030+00:00,200,1.1,1,4.769691,4.772839,0.003148,0.000089,4.520072,0.249498,36374,310926,"public, max-age=0, must-revalidate",114,HIT,cle1::dub1::w6fv4-1791263604689-cdc763ab021e,br,"Tue, 06 Oct 2026 05:11:30 GMT"
production,new,/hermandades/el-baratillo,5,2026-10-06T05:13:29.423590+00:00,200,1.1,1,4.678589,4.689722,0.011133,0.000076,4.40195,0.276531,36374,310926,"public, max-age=0, must-revalidate",118,HIT,cle1::dub1::4gclg-1791263609334-d3fed9422782,br,"Tue, 06 Oct 2026 05:11:30 GMT"
production,new,/bandas/banda-del-sol,0,2026-10-06T05:13:34.574042+00:00,200,1.1,1,5.134395,5.137513,0.003118,0.000102,4.935192,0.199065,25568,251161,"public, max-age=0, must-revalidate",114,HIT,cle1::dub1::b97tf-1791263614537-77a59569a484,br,"Tue, 06 Oct 2026 02:16:59 GMT"
production,new,/bandas/banda-del-sol,1,2026-10-06T05:13:39.695802+00:00,200,1.1,1,5.118038,5.125778,0.00774,0.000142,4.94944,0.168432,25568,251161,"public, max-age=0, must-revalidate",119,HIT,cle1::dub1::4gclg-1791263619659-3e477c5b94d7,br,"Tue, 06 Oct 2026 02:16:59 GMT"
production,new,/bandas/banda-del-sol,2,2026-10-06T05:13:44.323686+00:00,200,1.1,1,4.619963,4.622802,0.002839,0.000079,4.425297,0.194555,25568,251161,"public, max-age=0, must-revalidate",124,HIT,cle1::dub1::8qk7c-1791263624272-ac7db00c4b28,br,"Tue, 06 Oct 2026 02:16:59 GMT"
production,new,/bandas/banda-del-sol,3,2026-10-06T05:13:49.605130+00:00,200,1.1,1,5.278221,5.281066,0.002845,0.000081,5.08243,0.195677,25568,251161,"public, max-age=0, must-revalidate",129,HIT,cle1::dub1::9drmz-1791263629558-dec55e2886b6,br,"Tue, 06 Oct 2026 02:16:59 GMT"
production,new,/bandas/banda-del-sol,4,2026-10-06T05:13:55.178399+00:00,200,1.1,1,5.572619,5.573919,0.0013,0.000079,5.355287,0.21722,25568,251161,"public, max-age=0, must-revalidate",134,HIT,cle1::dub1::lqpvm-1791263635112-d5d8dbbd9f34,br,"Tue, 06 Oct 2026 02:16:59 GMT"
production,new,/bandas/banda-del-sol,5,2026-10-06T05:14:00.293513+00:00,200,1.1,1,5.110167,5.113752,0.003585,0.000105,4.83204,0.277987,25568,251161,"public, max-age=0, must-revalidate",139,HIT,cle1::dub1::gfzc9-1791263640242-888f43ee7281,br,"Tue, 06 Oct 2026 02:16:59 GMT"
production,new,/pasos/paso-misterio-bendicion-esperanza,0,2026-10-06T05:14:07.136292+00:00,200,1.1,1,6.831212,6.835393,0.004181,0.000164,6.598782,0.232224,10180,55400,"public, max-age=0, must-revalidate",137,HIT,cle1::dub1::hsl42-1791263647097-bed0262da6b5,br,"Tue, 06 Oct 2026 05:11:49 GMT"
production,new,/pasos/paso-misterio-bendicion-esperanza,1,2026-10-06T05:14:13.561040+00:00,200,1.1,1,6.421174,6.424297,0.003123,0.000085,6.183672,0.237385,10180,55400,"public, max-age=0, must-revalidate",144,HIT,cle1::dub1::d6l9w-1791263653515-5014e23f0c56,br,"Tue, 06 Oct 2026 05:11:49 GMT"
production,new,/pasos/paso-misterio-bendicion-esperanza,2,2026-10-06T05:14:18.060818+00:00,200,1.1,1,4.496636,4.499438,0.002802,0.000094,4.290587,0.20592,10180,55400,"public, max-age=0, must-revalidate",148,HIT,cle1::dub1::ms4lk-1791263658003-beb6adfeec38,br,"Tue, 06 Oct 2026 05:11:49 GMT"
production,new,/pasos/paso-misterio-bendicion-esperanza,3,2026-10-06T05:14:22.543766+00:00,200,1.1,1,4.478886,4.482594,0.003708,0.000082,4.244542,0.23421,10180,55400,"public, max-age=0, must-revalidate",153,HIT,cle1::dub1::5mwj4-1791263662497-350462b9aac0,br,"Tue, 06 Oct 2026 05:11:49 GMT"
production,new,/pasos/paso-misterio-bendicion-esperanza,4,2026-10-06T05:14:28.010446+00:00,200,1.1,1,5.462448,5.465117,0.002669,0.000113,5.253869,0.208417,10180,55400,"public, max-age=0, must-revalidate",158,HIT,cle1::dub1::jszpt-1791263667964-e600c323506a,br,"Tue, 06 Oct 2026 05:11:49 GMT"
production,new,/pasos/paso-misterio-bendicion-esperanza,5,2026-10-06T05:14:34.159536+00:00,200,1.1,1,6.146114,6.148705,0.002591,0.000067,5.88406,0.261491,10180,55400,"public, max-age=0, must-revalidate",164,HIT,cle1::dub1::crf5z-1791263674124-8d34ac48fcbb,br,"Tue, 06 Oct 2026 05:11:49 GMT"
production,new,/imagenes/jesus-presentado-al-pueblo,0,2026-10-06T05:14:39.125002+00:00,200,1.1,1,4.955457,4.957651,0.002194,0.000106,4.684439,0.270875,9457,50899,"public, max-age=0, must-revalidate",161,HIT,cle1::dub1::n9988-1791263679059-acd52d9c7b8a,br,"Tue, 06 Oct 2026 05:11:57 GMT"
production,new,/imagenes/jesus-presentado-al-pueblo,1,2026-10-06T05:14:44.203073+00:00,200,1.1,1,5.073238,5.077676,0.004438,0.000084,4.886146,0.186821,9457,50899,"public, max-age=0, must-revalidate",166,HIT,cle1::dub1::4bmnv-1791263684151-00d11dd9c03a,br,"Tue, 06 Oct 2026 05:11:57 GMT"
production,new,/imagenes/jesus-presentado-al-pueblo,2,2026-10-06T05:14:48.655734+00:00,200,1.1,1,4.447576,4.452392,0.004816,0.000096,4.260304,0.187137,9457,50899,"public, max-age=0, must-revalidate",170,HIT,cle1::dub1::dglc9-1791263688616-7b948a39944f,br,"Tue, 06 Oct 2026 05:11:57 GMT"
production,new,/imagenes/jesus-presentado-al-pueblo,3,2026-10-06T05:14:54.459563+00:00,200,1.1,1,5.800367,5.802986,0.002619,0.000077,5.563366,0.236891,9457,50899,"public, max-age=0, must-revalidate",176,HIT,cle1::dub1::dv4mq-1791263694408-2390b1f20cc8,br,"Tue, 06 Oct 2026 05:11:57 GMT"
production,new,/imagenes/jesus-presentado-al-pueblo,4,2026-10-06T05:15:00.040611+00:00,200,1.1,1,5.578245,5.580693,0.002448,0.000131,5.286784,0.291283,9457,50899,"public, max-age=0, must-revalidate",182,HIT,cle1::dub1::pztbt-1791263699981-e637f9d69854,br,"Tue, 06 Oct 2026 05:11:57 GMT"
production,new,/imagenes/jesus-presentado-al-pueblo,5,2026-10-06T05:15:05.051967+00:00,200,1.1,1,5.008457,5.010927,0.00247,0.000088,4.76676,0.241571,9457,50899,"public, max-age=0, must-revalidate",187,HIT,cle1::dub1::l7h5m-1791263705003-c9f7bc224eae,br,"Tue, 06 Oct 2026 05:11:57 GMT"
production,new,/marchas/aurora-reina-manana-pablo-ojeda,0,2026-10-06T05:15:10.620164+00:00,200,1.1,1,5.558819,5.561816,0.002997,0.000103,5.375131,0.183536,8341,43513,"public, max-age=0, must-revalidate",182,HIT,cle1::dub1::blltk-1791263710585-b194fdf4abb7,br,"Tue, 06 Oct 2026 05:12:08 GMT"
production,new,/marchas/aurora-reina-manana-pablo-ojeda,1,2026-10-06T05:15:16.389808+00:00,200,1.1,1,5.768059,5.770362,0.002303,0.000267,5.572336,0.195424,8341,43513,"public, max-age=0, must-revalidate",187,HIT,cle1::dub1::blltk-1791263716346-2a97ba41328b,br,"Tue, 06 Oct 2026 05:12:08 GMT"
production,new,/marchas/aurora-reina-manana-pablo-ojeda,2,2026-10-06T05:15:21.959487+00:00,200,1.1,1,5.565501,5.567843,0.002342,0.000074,5.339957,0.225434,8341,43513,"public, max-age=0, must-revalidate",193,HIT,cle1::dub1::8ttzv-1791263721919-442c61f95e2e,br,"Tue, 06 Oct 2026 05:12:08 GMT"
production,new,/marchas/aurora-reina-manana-pablo-ojeda,3,2026-10-06T05:15:29.155469+00:00,200,1.1,1,7.193429,7.195597,0.002168,0.000075,6.924033,0.26927,8341,43513,"public, max-age=0, must-revalidate",200,HIT,cle1::dub1::r2lnh-1791263729112-9d4d22b14ab3,br,"Tue, 06 Oct 2026 05:12:08 GMT"
production,new,/marchas/aurora-reina-manana-pablo-ojeda,4,2026-10-06T05:15:34.596798+00:00,200,1.1,1,5.438583,5.440864,0.002281,0.000112,5.232669,0.205757,8341,43513,"public, max-age=0, must-revalidate",206,HIT,cle1::dub1::4pnqf-1791263734549-b7e2f7bd5694,br,"Tue, 06 Oct 2026 05:12:08 GMT"
production,new,/marchas/aurora-reina-manana-pablo-ojeda,5,2026-10-06T05:15:41.727802+00:00,200,1.1,1,7.126706,7.130634,0.003928,0.000076,6.946123,0.180474,8341,43513,"public, max-age=0, must-revalidate",213,HIT,cle1::dub1::hqmgq-1791263741683-6d757ea72557,br,"Tue, 06 Oct 2026 05:12:08 GMT"
production,new,/crucetas-musicales/virgen-salud-san-gonzalo-lunes-santo-2026,0,2026-10-06T05:15:48.566383+00:00,200,1.1,1,6.827774,6.830879,0.003105,0.000139,6.539449,0.288149,17190,192145,"public, max-age=0, must-revalidate",802,HIT,cle1::dub1::6prn8-1791263748520-2edfc92cddf2,br,"Mon, 05 Oct 2026 22:23:40 GMT"
production,new,/crucetas-musicales/virgen-salud-san-gonzalo-lunes-santo-2026,1,2026-10-06T05:15:55.702140+00:00,200,1.1,1,7.132521,7.135291,0.00277,0.000077,6.942261,0.190145,17190,192145,"public, max-age=0, must-revalidate",809,HIT,cle1::dub1::n8htr-1791263755661-afbaebbff268,br,"Mon, 05 Oct 2026 22:23:40 GMT"
production,new,/crucetas-musicales/virgen-salud-san-gonzalo-lunes-santo-2026,2,2026-10-06T05:16:03.932234+00:00,200,1.1,1,8.227503,8.229658,0.002155,0.000085,8.018955,0.208428,17190,192145,"public, max-age=0, must-revalidate",817,HIT,cle1::dub1::zh6lz-1791263763884-2f6ef6cbd835,br,"Mon, 05 Oct 2026 22:23:40 GMT"
production,new,/crucetas-musicales/virgen-salud-san-gonzalo-lunes-santo-2026,3,2026-10-06T05:16:11.851844+00:00,200,1.1,1,7.916403,7.919266,0.002863,0.000077,7.700873,0.215411,17190,192145,"public, max-age=0, must-revalidate",825,HIT,cle1::dub1::krbq8-1791263771792-c5940e4b2d8e,br,"Mon, 05 Oct 2026 22:23:40 GMT"
production,new,/crucetas-musicales/virgen-salud-san-gonzalo-lunes-santo-2026,4,2026-10-06T05:16:19.610444+00:00,200,1.1,1,7.755495,7.758191,0.002696,0.000085,7.416199,0.339177,17190,192145,"public, max-age=0, must-revalidate",833,HIT,cle1::dub1::lr62k-1791263779498-1c669b8a89bd,br,"Mon, 05 Oct 2026 22:23:40 GMT"
production,new,/crucetas-musicales/virgen-salud-san-gonzalo-lunes-santo-2026,5,2026-10-06T05:16:25.102749+00:00,200,1.1,1,5.489218,5.491796,0.002578,0.000077,5.291622,0.197485,17190,192145,"public, max-age=0, must-revalidate",838,HIT,cle1::dub1::t5lbd-1791263785059-ca73bb800912,br,"Mon, 05 Oct 2026 22:23:40 GMT"
preview,reuse,/,0,2026-10-06T05:16:33.699430+00:00,200,2,1,8.552649,8.593523,0.040874,0.000115,8.121439,0.43093,17036,116230,"public, max-age=0, must-revalidate",274,STALE,cle1::dub1::l9d4n-1791263793396-3a0293f536c7,br,"Tue, 06 Oct 2026 05:10:30 GMT"
preview,reuse,/,1,2026-10-06T05:16:33.879733+00:00,200,2,0,0.131966,0.175737,0.043771,0.000000,0.0,0.131889,17036,116230,"public, max-age=0, must-revalidate",274,STALE,cle1::dub1::l9d4n-1791263793716-ba14003be657,br,"Tue, 06 Oct 2026 05:10:30 GMT"
preview,reuse,/,2,2026-10-06T05:16:34.913954+00:00,200,2,0,0.207772,0.209568,0.001796,0.000000,0.0,0.207605,17036,116230,"public, max-age=0, must-revalidate",275,STALE,cle1::dub1::fckr8-1791263794717-11597ae0b423,br,"Tue, 06 Oct 2026 05:10:30 GMT"
preview,reuse,/,3,2026-10-06T05:16:35.863162+00:00,200,2,0,0.155144,0.156931,0.001787,0.000000,0.0,0.155015,17036,116230,"public, max-age=0, must-revalidate",276,STALE,cle1::dub1::8d5tm-1791263795720-9bc5339bacda,br,"Tue, 06 Oct 2026 05:10:30 GMT"
preview,reuse,/,4,2026-10-06T05:16:36.855187+00:00,200,2,0,0.146121,0.147714,0.001593,0.000000,0.0,0.145951,17036,116230,"public, max-age=0, must-revalidate",277,STALE,cle1::dub1::59kx6-1791263796720-f2ae4a802851,br,"Tue, 06 Oct 2026 05:10:30 GMT"
preview,reuse,/,5,2026-10-06T05:16:37.943696+00:00,200,2,0,0.231828,0.234077,0.002249,0.000000,0.0,0.23155,17036,116230,"public, max-age=0, must-revalidate",0,HIT,cle1::dub1::lvw6g-1791263797722-58c7c656afdc,br,"Tue, 06 Oct 2026 05:10:30 GMT"
preview,reuse,/hermandades/el-baratillo,0,2026-10-06T05:16:43.726638+00:00,200,2,1,5.774419,5.777545,0.003126,0.000159,5.375738,0.398364,36484,311201,"public, max-age=0, must-revalidate",44889,STALE,cle1::dub1::6prn8-1791263803449-06b55fdcecd3,br,"Mon, 05 Oct 2026 16:48:34 GMT"
preview,reuse,/hermandades/el-baratillo,1,2026-10-06T05:16:43.904400+00:00,200,2,0,0.132901,0.177176,0.044275,0.000000,0.0,0.132823,36484,311201,"public, max-age=0, must-revalidate",44889,HIT,cle1::dub1::84q48-1791263803742-14bf2ff477af,br,"Mon, 05 Oct 2026 16:48:34 GMT"
preview,reuse,/hermandades/el-baratillo,2,2026-10-06T05:16:44.868009+00:00,200,2,0,0.136941,0.138930,0.001989,0.000000,0.0,0.136783,36484,311201,"public, max-age=0, must-revalidate",44890,STALE,cle1::dub1::4lrld-1791263804748-f84ba46c0309,br,"Mon, 05 Oct 2026 16:48:34 GMT"
preview,reuse,/hermandades/el-baratillo,3,2026-10-06T05:16:45.868879+00:00,200,2,0,0.136604,0.139495,0.002891,0.000000,0.0,0.136444,36484,311201,"public, max-age=0, must-revalidate",44891,STALE,cle1::dub1::8xvwf-1791263805746-7b1257c28aa7,br,"Mon, 05 Oct 2026 16:48:34 GMT"
preview,reuse,/hermandades/el-baratillo,4,2026-10-06T05:16:46.976303+00:00,200,2,0,0.241880,0.245063,0.003183,0.000000,0.0,0.241745,36484,311201,"public, max-age=0, must-revalidate",0,HIT,cle1::dub1::f2fjk-1791263806746-6484acd09df1,br,"Mon, 05 Oct 2026 16:48:34 GMT"
preview,reuse,/hermandades/el-baratillo,5,2026-10-06T05:16:47.863767+00:00,200,2,0,0.129311,0.130945,0.001634,0.000000,0.0,0.129157,36484,311201,"public, max-age=0, must-revalidate",1,HIT,cle1::dub1::4pnqf-1791263807746-17c9f2410639,br,"Mon, 05 Oct 2026 16:48:34 GMT"
preview,reuse,/bandas/banda-del-sol,0,2026-10-06T05:16:53.100453+00:00,200,2,1,5.228283,5.230228,0.001945,0.000108,4.810188,0.41785,25560,251196,"public, max-age=0, must-revalidate",44886,STALE,cle1::dub1::t948j-1791263812802-22e0e8649ae0,br,"Mon, 05 Oct 2026 16:48:46 GMT"
preview,reuse,/bandas/banda-del-sol,1,2026-10-06T05:16:53.499846+00:00,200,2,0,0.317631,0.401721,0.08409,0.000000,0.0,0.317555,25560,251196,"public, max-age=0, must-revalidate",44886,HIT,cle1::dub1::scxv8-1791263813114-4aa051ae2b2e,br,"Mon, 05 Oct 2026 16:48:46 GMT"
preview,reuse,/bandas/banda-del-sol,2,2026-10-06T05:16:54.236533+00:00,200,2,0,0.132425,0.134358,0.001933,0.000000,0.0,0.132272,25560,251196,"public, max-age=0, must-revalidate",44887,STALE,cle1::dub1::wrgxt-1791263814116-b7a9fc6582d1,br,"Mon, 05 Oct 2026 16:48:46 GMT"
preview,reuse,/bandas/banda-del-sol,3,2026-10-06T05:16:55.388011+00:00,200,2,0,0.240687,0.282808,0.042121,0.000000,0.0,0.240497,25560,251196,"public, max-age=0, must-revalidate",1,HIT,cle1::dub1::frcjd-1791263815118-ae93ae0a55ed,br,"Mon, 05 Oct 2026 16:48:46 GMT"
preview,reuse,/bandas/banda-del-sol,4,2026-10-06T05:16:56.235572+00:00,200,2,0,0.127528,0.131126,0.003598,0.000000,0.0,0.127359,25560,251196,"public, max-age=0, must-revalidate",1,HIT,cle1::dub1::m47ww-1791263816119-66a8ba5748c2,br,"Mon, 05 Oct 2026 16:48:46 GMT"
preview,reuse,/bandas/banda-del-sol,5,2026-10-06T05:16:57.241506+00:00,200,2,0,0.132983,0.135556,0.002573,0.000000,0.0,0.132833,25560,251196,"public, max-age=0, must-revalidate",2,HIT,cle1::dub1::rqxdx-1791263817119-1b753d52598e,br,"Mon, 05 Oct 2026 16:48:46 GMT"
preview,reuse,/pasos/paso-misterio-bendicion-esperanza,0,2026-10-06T05:17:03.048023+00:00,200,2,1,5.797414,5.800074,0.00266,0.000106,5.340407,0.456388,10187,55435,"public, max-age=0, must-revalidate",44880,STALE,cle1::dub1::w9gk6-1791263822705-d3643e9a92e2,br,"Mon, 05 Oct 2026 16:49:02 GMT"
preview,reuse,/pasos/paso-misterio-bendicion-esperanza,1,2026-10-06T05:17:03.219779+00:00,200,2,0,0.128350,0.170885,0.042535,0.000000,0.0,0.128271,10187,55435,"public, max-age=0, must-revalidate",44880,HIT,cle1::dub1::74tdq-1791263823062-eb8d55dc5163,br,"Mon, 05 Oct 2026 16:49:02 GMT"
preview,reuse,/pasos/paso-misterio-bendicion-esperanza,2,2026-10-06T05:17:04.189359+00:00,200,2,0,0.135112,0.137942,0.00283,0.000000,0.0,0.134969,10187,55435,"public, max-age=0, must-revalidate",44881,STALE,cle1::dub1::8kvws-1791263824063-e4d760a6df70,br,"Mon, 05 Oct 2026 16:49:02 GMT"
preview,reuse,/pasos/paso-misterio-bendicion-esperanza,3,2026-10-06T05:17:05.445037+00:00,200,2,0,0.392266,0.393823,0.001557,0.000000,0.0,0.39211,10187,55435,"public, max-age=0, must-revalidate",1,HIT,cle1::dub1::2rtbv-1791263825064-22a9a9c11cfb,br,"Mon, 05 Oct 2026 16:49:02 GMT"
preview,reuse,/pasos/paso-misterio-bendicion-esperanza,4,2026-10-06T05:17:06.180245+00:00,200,2,0,0.126840,0.131579,0.004739,0.000000,0.0,0.126711,10187,55435,"public, max-age=0, must-revalidate",2,HIT,cle1::dub1::xb289-1791263826065-10098aaaba10,br,"Mon, 05 Oct 2026 16:49:02 GMT"
preview,reuse,/pasos/paso-misterio-bendicion-esperanza,5,2026-10-06T05:17:07.185998+00:00,200,2,0,0.130437,0.132505,0.002068,0.000000,0.0,0.130303,10187,55435,"public, max-age=0, must-revalidate",3,HIT,cle1::dub1::x97pg-1791263827066-06ea1ef4cea1,br,"Mon, 05 Oct 2026 16:49:02 GMT"
preview,reuse,/imagenes/jesus-presentado-al-pueblo,0,2026-10-06T05:17:15.888318+00:00,200,2,1,8.655731,8.697214,0.041483,0.000115,8.220115,0.435321,9509,50934,"public, max-age=0, must-revalidate",44879,STALE,cle1::dub1::4tz8k-1791263835561-658d9d21335e,br,"Mon, 05 Oct 2026 16:49:16 GMT"
preview,reuse,/imagenes/jesus-presentado-al-pueblo,1,2026-10-06T05:17:16.071662+00:00,200,2,0,0.136183,0.179580,0.043397,0.000000,0.0,0.136104,9509,50934,"public, max-age=0, must-revalidate",44879,HIT,cle1::dub1::4gclg-1791263835904-f15764dfe996,br,"Mon, 05 Oct 2026 16:49:16 GMT"
preview,reuse,/imagenes/jesus-presentado-al-pueblo,2,2026-10-06T05:17:17.047006+00:00,200,2,0,0.153683,0.158311,0.004628,0.000000,0.0,0.153517,9509,50934,"public, max-age=0, must-revalidate",44880,STALE,cle1::dub1::2thnd-1791263836920-dc102ce48983,br,"Mon, 05 Oct 2026 16:49:16 GMT"
preview,reuse,/imagenes/jesus-presentado-al-pueblo,3,2026-10-06T05:17:18.132461+00:00,200,2,0,0.238768,0.240416,0.001648,0.000000,0.0,0.238611,9509,50934,"public, max-age=0, must-revalidate",1,HIT,cle1::dub1::6t6vd-1791263837905-afb7854d663a,br,"Mon, 05 Oct 2026 16:49:16 GMT"
preview,reuse,/imagenes/jesus-presentado-al-pueblo,4,2026-10-06T05:17:19.023059+00:00,200,2,0,0.128871,0.131466,0.002595,0.000000,0.0,0.128737,9509,50934,"public, max-age=0, must-revalidate",2,HIT,cle1::dub1::2thnd-1791263838907-be019e0a1d1d,br,"Mon, 05 Oct 2026 16:49:16 GMT"
preview,reuse,/imagenes/jesus-presentado-al-pueblo,5,2026-10-06T05:17:20.039984+00:00,200,2,0,0.145413,0.146645,0.001232,0.000000,0.0,0.14528,9509,50934,"public, max-age=0, must-revalidate",3,HIT,cle1::dub1::dvrcj-1791263839906-8fa36cf727fe,br,"Mon, 05 Oct 2026 16:49:16 GMT"
preview,reuse,/marchas/aurora-reina-manana-pablo-ojeda,0,2026-10-06T05:17:25.952536+00:00,200,2,1,5.819156,5.902437,0.083281,0.000130,5.396766,0.421654,8351,43548,"public, max-age=0, must-revalidate",44862,STALE,cle1::dub1::n8htr-1791263845615-29ec5bdde01f,br,"Mon, 05 Oct 2026 16:49:43 GMT"
preview,reuse,/marchas/aurora-reina-manana-pablo-ojeda,1,2026-10-06T05:17:26.127628+00:00,200,2,0,0.131746,0.171654,0.039908,0.000000,0.0,0.131667,8351,43548,"public, max-age=0, must-revalidate",44862,HIT,cle1::dub1::gw8hf-1791263845968-69e4e6e0b0b3,br,"Mon, 05 Oct 2026 16:49:43 GMT"
preview,reuse,/marchas/aurora-reina-manana-pablo-ojeda,2,2026-10-06T05:17:27.201178+00:00,200,2,0,0.243229,0.244813,0.001584,0.000000,0.0,0.243088,8351,43548,"public, max-age=0, must-revalidate",0,HIT,cle1::dub1::dq7wz-1791263846971-4859411a9d6a,br,"Mon, 05 Oct 2026 16:49:43 GMT"
preview,reuse,/marchas/aurora-reina-manana-pablo-ojeda,3,2026-10-06T05:17:28.092293+00:00,200,2,0,0.133065,0.134971,0.001906,0.000000,0.0,0.132926,8351,43548,"public, max-age=0, must-revalidate",1,HIT,cle1::dub1::74tdq-1791263847972-7d075bb7491e,br,"Mon, 05 Oct 2026 16:49:43 GMT"
preview,reuse,/marchas/aurora-reina-manana-pablo-ojeda,4,2026-10-06T05:17:29.090273+00:00,200,2,0,0.130370,0.132087,0.001717,0.000000,0.0,0.130227,8351,43548,"public, max-age=0, must-revalidate",2,HIT,cle1::dub1::gjjdd-1791263848973-46ef5e616e9d,br,"Mon, 05 Oct 2026 16:49:43 GMT"
preview,reuse,/marchas/aurora-reina-manana-pablo-ojeda,5,2026-10-06T05:17:30.083196+00:00,200,2,0,0.121676,0.123666,0.00199,0.000000,0.0,0.121508,8351,43548,"public, max-age=0, must-revalidate",3,HIT,cle1::dub1::dq7wz-1791263849974-8b983e90f1dc,br,"Mon, 05 Oct 2026 16:49:43 GMT"
preview,reuse,/crucetas-musicales/virgen-salud-san-gonzalo-lunes-santo-2026,0,2026-10-06T05:17:35.804746+00:00,200,2,1,5.631436,5.715597,0.084161,0.000167,5.182328,0.448649,17229,192180,"public, max-age=0, must-revalidate",44885,STALE,cle1::dub1::jh9cj-1791263855420-75e2ce460e55,br,"Mon, 05 Oct 2026 16:49:30 GMT"
preview,reuse,/crucetas-musicales/virgen-salud-san-gonzalo-lunes-santo-2026,1,2026-10-06T05:17:36.135746+00:00,200,2,0,0.285464,0.327651,0.042187,0.000000,0.0,0.285381,17229,192180,"public, max-age=0, must-revalidate",44885,STALE,cle1::dub1::n9988-1791263855822-c441b80d8b3e,br,"Mon, 05 Oct 2026 16:49:30 GMT"
preview,reuse,/crucetas-musicales/virgen-salud-san-gonzalo-lunes-santo-2026,2,2026-10-06T05:17:36.941463+00:00,200,2,0,0.132308,0.134147,0.001839,0.000000,0.0,0.132142,17229,192180,"public, max-age=0, must-revalidate",44886,STALE,cle1::dub1::l9d4n-1791263856821-b7960d603934,br,"Mon, 05 Oct 2026 16:49:30 GMT"
preview,reuse,/crucetas-musicales/virgen-salud-san-gonzalo-lunes-santo-2026,3,2026-10-06T05:17:37.933728+00:00,200,2,0,0.124126,0.125990,0.001864,0.000000,0.0,0.12399,17229,192180,"public, max-age=0, must-revalidate",1,HIT,cle1::dub1::jh9cj-1791263857821-b3a3eef55b21,br,"Mon, 05 Oct 2026 16:49:30 GMT"
preview,reuse,/crucetas-musicales/virgen-salud-san-gonzalo-lunes-santo-2026,4,2026-10-06T05:17:38.946937+00:00,200,2,0,0.137052,0.138814,0.001762,0.000000,0.0,0.136786,17229,192180,"public, max-age=0, must-revalidate",2,HIT,cle1::dub1::7zbjc-1791263858822-db1770a18cde,br,"Mon, 05 Oct 2026 16:49:30 GMT"
preview,reuse,/crucetas-musicales/virgen-salud-san-gonzalo-lunes-santo-2026,5,2026-10-06T05:17:39.979598+00:00,200,2,0,0.169982,0.171541,0.001559,0.000000,0.0,0.169851,17229,192180,"public, max-age=0, must-revalidate",3,HIT,cle1::dub1::brlk6-1791263859824-e2d4f0e5d248,br,"Mon, 05 Oct 2026 16:49:30 GMT"
preview,new,/,0,2026-10-06T05:17:45.632702+00:00,200,1.1,1,5.641650,5.644519,0.002869,0.000134,5.347817,0.293652,17036,116230,"public, max-age=0, must-revalidate",68,STALE,cle1::dub1::d8xqn-1791263865494-337f11eca3e2,br,"Tue, 06 Oct 2026 05:10:30 GMT"
preview,new,/,1,2026-10-06T05:17:51.920456+00:00,200,1.1,1,6.284214,6.287500,0.003286,0.000078,5.856115,0.427978,17036,116230,"public, max-age=0, must-revalidate",2,HIT,cle1::dub1::whzql-1791263871687-c857d65531f4,br,"Tue, 06 Oct 2026 05:10:30 GMT"
preview,new,/,2,2026-10-06T05:17:57.822895+00:00,200,1.1,1,5.898828,5.901848,0.00302,0.000073,5.582208,0.316461,17036,116230,"public, max-age=0, must-revalidate",8,HIT,cle1::dub1::jnr6c-1791263877697-b6f9de9f72ec,br,"Tue, 06 Oct 2026 05:10:30 GMT"
preview,new,/,3,2026-10-06T05:18:03.439484+00:00,200,1.1,1,5.613338,5.616157,0.002819,0.000081,5.290155,0.323063,17036,116230,"public, max-age=0, must-revalidate",14,HIT,cle1::dub1::klrb2-1791263883308-a2c228a492bf,br,"Tue, 06 Oct 2026 05:10:30 GMT"
preview,new,/,4,2026-10-06T05:18:09.097142+00:00,200,1.1,1,5.652811,5.657283,0.004472,0.000078,5.303956,0.348731,17036,116230,"public, max-age=0, must-revalidate",20,HIT,cle1::dub1::sq8fh-1791263888972-c84ca9a6e4d8,br,"Tue, 06 Oct 2026 05:10:30 GMT"
preview,new,/,5,2026-10-06T05:18:14.172363+00:00,200,1.1,1,5.071976,5.074771,0.002795,0.000098,4.752705,0.319135,17036,116230,"public, max-age=0, must-revalidate",25,HIT,cle1::dub1::lfzrh-1791263894048-499e6938280c,br,"Tue, 06 Oct 2026 05:10:30 GMT"
preview,new,/hermandades/el-baratillo,0,2026-10-06T05:18:19.766434+00:00,200,1.1,1,5.583701,5.587407,0.003706,0.000122,5.314143,0.26931,36484,311201,"public, max-age=0, must-revalidate",93,HIT,cle1::dub1::jmvxf-1791263899643-b0f940926eb0,br,"Mon, 05 Oct 2026 16:48:34 GMT"
preview,new,/hermandades/el-baratillo,1,2026-10-06T05:18:24.856055+00:00,200,1.1,1,5.087779,5.090737,0.002958,0.000091,4.774698,0.312948,36484,311201,"public, max-age=0, must-revalidate",98,HIT,cle1::dub1::9drmz-1791263904739-248b92b9940f,br,"Mon, 05 Oct 2026 16:48:34 GMT"
preview,new,/hermandades/el-baratillo,2,2026-10-06T05:18:30.105912+00:00,200,1.1,1,5.236979,5.249087,0.012108,0.000079,4.962454,0.274403,36484,311201,"public, max-age=0, must-revalidate",103,HIT,cle1::dub1::d95gn-1791263909970-e32a8ed26233,br,"Mon, 05 Oct 2026 16:48:34 GMT"
preview,new,/hermandades/el-baratillo,3,2026-10-06T05:18:35.581386+00:00,200,1.1,1,5.471524,5.474254,0.00273,0.000080,5.162433,0.308967,36484,311201,"public, max-age=0, must-revalidate",109,HIT,cle1::dub1::lfzrh-1791263915462-7c81fd10b897,br,"Mon, 05 Oct 2026 16:48:34 GMT"
preview,new,/hermandades/el-baratillo,4,2026-10-06T05:18:41.084539+00:00,200,1.1,1,5.501096,5.504046,0.00295,0.000079,5.184032,0.316924,36484,311201,"public, max-age=0, must-revalidate",114,HIT,cle1::dub1::l7h5m-1791263920962-bd6e25da84cd,br,"Mon, 05 Oct 2026 16:48:34 GMT"
preview,new,/hermandades/el-baratillo,5,2026-10-06T05:18:45.878242+00:00,200,1.1,1,4.789430,4.792721,0.003291,0.000105,4.522008,0.26728,36484,311201,"public, max-age=0, must-revalidate",119,HIT,cle1::dub1::67j2s-1791263925755-c99cb4220c9e,br,"Mon, 05 Oct 2026 16:48:34 GMT"
preview,new,/bandas/banda-del-sol,0,2026-10-06T05:18:51.766223+00:00,200,1.1,1,5.876826,5.879548,0.002722,0.000109,5.603197,0.273475,25560,251196,"public, max-age=0, must-revalidate",117,HIT,cle1::dub1::h4h2z-1791263931636-e44b8b98c58a,br,"Mon, 05 Oct 2026 16:48:46 GMT"
preview,new,/bandas/banda-del-sol,1,2026-10-06T05:18:56.944933+00:00,200,1.1,1,5.175086,5.178386,0.0033,0.000088,4.908846,0.266103,25560,251196,"public, max-age=0, must-revalidate",122,HIT,cle1::dub1::bjzx6-1791263936824-ff349a6d4d60,br,"Mon, 05 Oct 2026 16:48:46 GMT"
preview,new,/bandas/banda-del-sol,2,2026-10-06T05:19:01.787659+00:00,200,1.1,1,4.838714,4.842218,0.003504,0.000076,4.565631,0.272956,25560,251196,"public, max-age=0, must-revalidate",127,HIT,cle1::dub1::ths4l-1791263941655-a7423c2fa46e,br,"Mon, 05 Oct 2026 16:48:46 GMT"
preview,new,/bandas/banda-del-sol,3,2026-10-06T05:19:07.277700+00:00,200,1.1,1,5.486974,5.489919,0.002945,0.000073,5.164658,0.322185,25560,251196,"public, max-age=0, must-revalidate",132,HIT,cle1::dub1::jh9cj-1791263947152-7b96e8d446a8,br,"Mon, 05 Oct 2026 16:48:46 GMT"
preview,new,/bandas/banda-del-sol,4,2026-10-06T05:19:12.889023+00:00,200,1.1,1,5.607158,5.610612,0.003454,0.000079,5.278012,0.32901,25560,251196,"public, max-age=0, must-revalidate",138,HIT,cle1::dub1::j6qkg-1791263952754-79a43080368f,br,"Mon, 05 Oct 2026 16:48:46 GMT"
preview,new,/bandas/banda-del-sol,5,2026-10-06T05:19:18.139679+00:00,200,1.1,1,5.247356,5.250232,0.002876,0.000080,4.926387,0.320836,25560,251196,"public, max-age=0, must-revalidate",143,HIT,cle1::dub1::crf5z-1791263958005-ab91595f8da0,br,"Mon, 05 Oct 2026 16:48:46 GMT"
preview,new,/pasos/paso-misterio-bendicion-esperanza,0,2026-10-06T05:19:23.092005+00:00,200,1.1,1,4.942668,4.945330,0.002662,0.000120,4.639871,0.302621,10187,55435,"public, max-age=0, must-revalidate",139,HIT,cle1::dub1::qx6bx-1791263962966-4fc5bc2d23de,br,"Mon, 05 Oct 2026 16:49:02 GMT"
preview,new,/pasos/paso-misterio-bendicion-esperanza,1,2026-10-06T05:19:28.881530+00:00,200,1.1,1,5.786977,5.789160,0.002183,0.000077,5.437732,0.349125,10187,55435,"public, max-age=0, must-revalidate",144,HIT,cle1::dub1::zh6lz-1791263968678-ad78d00b0faf,br,"Mon, 05 Oct 2026 16:49:02 GMT"
preview,new,/pasos/paso-misterio-bendicion-esperanza,2,2026-10-06T05:19:34.776445+00:00,200,1.1,1,5.894215,5.894494,0.000279,0.000104,5.586234,0.307838,10187,55435,"public, max-age=0, must-revalidate",150,HIT,cle1::dub1::8w5q6-1791263974658-37c8fd89baef,br,"Mon, 05 Oct 2026 16:49:02 GMT"
preview,new,/pasos/paso-misterio-bendicion-esperanza,3,2026-10-06T05:19:41.839467+00:00,200,1.1,1,7.059880,7.062607,0.002727,0.000080,6.75462,0.30514,10187,55435,"public, max-age=0, must-revalidate",157,HIT,cle1::dub1::dvrcj-1791263981716-6936d7a4ec85,br,"Mon, 05 Oct 2026 16:49:02 GMT"
preview,new,/pasos/paso-misterio-bendicion-esperanza,4,2026-10-06T05:19:47.039897+00:00,200,1.1,1,5.197779,5.200054,0.002275,0.000081,4.864423,0.333233,10187,55435,"public, max-age=0, must-revalidate",163,HIT,cle1::dub1::zngnr-1791263986861-a10b37f65038,br,"Mon, 05 Oct 2026 16:49:02 GMT"
preview,new,/pasos/paso-misterio-bendicion-esperanza,5,2026-10-06T05:19:52.500828+00:00,200,1.1,1,5.457340,5.460516,0.003176,0.000084,5.189122,0.268094,10187,55435,"public, max-age=0, must-revalidate",168,HIT,cle1::dub1::vwhbs-1791263992381-ae984e6b56f4,br,"Mon, 05 Oct 2026 16:49:02 GMT"
preview,new,/imagenes/jesus-presentado-al-pueblo,0,2026-10-06T05:19:57.548864+00:00,200,1.1,1,5.037875,5.041266,0.003391,0.000096,4.737572,0.300158,9509,50934,"public, max-age=0, must-revalidate",160,HIT,cle1::dub1::44jnq-1791263997434-14fa7d2b3ffd,br,"Mon, 05 Oct 2026 16:49:16 GMT"
preview,new,/imagenes/jesus-presentado-al-pueblo,1,2026-10-06T05:20:02.281757+00:00,200,1.1,1,4.729871,4.732312,0.002441,0.000110,4.411772,0.317946,9509,50934,"public, max-age=0, must-revalidate",165,HIT,cle1::dub1::lfzrh-1791264002160-b7fc29a87455,br,"Mon, 05 Oct 2026 16:49:16 GMT"
preview,new,/imagenes/jesus-presentado-al-pueblo,2,2026-10-06T05:20:07.478891+00:00,200,1.1,1,5.194556,5.196705,0.002149,0.000073,4.849146,0.345229,9509,50934,"public, max-age=0, must-revalidate",170,HIT,cle1::dub1::94z5n-1791264007358-c3fad50793e1,br,"Mon, 05 Oct 2026 16:49:16 GMT"
preview,new,/imagenes/jesus-presentado-al-pueblo,3,2026-10-06T05:20:12.151498+00:00,200,1.1,1,4.669298,4.672056,0.002758,0.000072,4.37583,0.293356,9509,50934,"public, max-age=0, must-revalidate",175,HIT,cle1::dub1::lqpvm-1791264012021-a997baa5d932,br,"Mon, 05 Oct 2026 16:49:16 GMT"
preview,new,/imagenes/jesus-presentado-al-pueblo,4,2026-10-06T05:20:20.731766+00:00,200,1.1,1,8.577377,8.579844,0.002467,0.000065,8.248106,0.329169,9509,50934,"public, max-age=0, must-revalidate",184,HIT,cle1::dub1::5zzv6-1791264020599-ab9982fc438e,br,"Mon, 05 Oct 2026 16:49:16 GMT"
preview,new,/imagenes/jesus-presentado-al-pueblo,5,2026-10-06T05:20:27.040843+00:00,200,1.1,1,6.306415,6.308694,0.002279,0.000072,6.035053,0.27125,9509,50934,"public, max-age=0, must-revalidate",190,HIT,cle1::dub1::4tz8k-1791264026918-4a3666932c8c,br,"Mon, 05 Oct 2026 16:49:16 GMT"
preview,new,/marchas/aurora-reina-manana-pablo-ojeda,0,2026-10-06T05:20:32.113891+00:00,200,1.1,1,5.063738,5.066105,0.002367,0.000126,4.677179,0.386382,8351,43548,"public, max-age=0, must-revalidate",185,HIT,cle1::dub1::62p79-1791264031911-214153eb8106,br,"Mon, 05 Oct 2026 16:49:43 GMT"
preview,new,/marchas/aurora-reina-manana-pablo-ojeda,1,2026-10-06T05:20:38.545848+00:00,200,1.1,1,6.428770,6.431445,0.002675,0.000082,6.114323,0.314299,8351,43548,"public, max-age=0, must-revalidate",192,HIT,cle1::dub1::zjplc-1791264038418-af71d3409f50,br,"Mon, 05 Oct 2026 16:49:43 GMT"
preview,new,/marchas/aurora-reina-manana-pablo-ojeda,2,2026-10-06T05:20:43.370490+00:00,200,1.1,1,4.821115,4.824160,0.003045,0.000087,4.510367,0.310621,8351,43548,"public, max-age=0, must-revalidate",196,HIT,cle1::dub1::zszt9-1791264043248-688727d355be,br,"Mon, 05 Oct 2026 16:49:43 GMT"
preview,new,/marchas/aurora-reina-manana-pablo-ojeda,3,2026-10-06T05:20:49.554623+00:00,200,1.1,1,6.180574,6.183703,0.003129,0.000117,5.915095,0.265324,8351,43548,"public, max-age=0, must-revalidate",203,HIT,cle1::dub1::6t6vd-1791264049437-08d719c5e1d8,br,"Mon, 05 Oct 2026 16:49:43 GMT"
preview,new,/marchas/aurora-reina-manana-pablo-ojeda,4,2026-10-06T05:20:55.086072+00:00,200,1.1,1,5.528901,5.530868,0.001967,0.000083,5.211719,0.317045,8351,43548,"public, max-age=0, must-revalidate",208,HIT,cle1::dub1::wl65j-1791264054958-bae131154848,br,"Mon, 05 Oct 2026 16:49:43 GMT"
preview,new,/marchas/aurora-reina-manana-pablo-ojeda,5,2026-10-06T05:21:00.837294+00:00,200,1.1,1,5.747774,5.750693,0.002919,0.000077,5.418504,0.329155,8351,43548,"public, max-age=0, must-revalidate",214,HIT,cle1::dub1::whzql-1791264060698-06ee21c1d40b,br,"Mon, 05 Oct 2026 16:49:43 GMT"
preview,new,/crucetas-musicales/virgen-salud-san-gonzalo-lunes-santo-2026,0,2026-10-06T05:21:06.372387+00:00,200,1.1,1,5.523334,5.526979,0.003645,0.000116,5.243029,0.280144,17229,192180,"public, max-age=0, must-revalidate",210,HIT,cle1::dub1::9gftp-1791264066240-353caeed4aad,br,"Mon, 05 Oct 2026 16:49:30 GMT"
preview,new,/crucetas-musicales/virgen-salud-san-gonzalo-lunes-santo-2026,1,2026-10-06T05:21:11.305941+00:00,200,1.1,1,4.930341,4.933141,0.0028,0.000081,4.622204,0.307944,17229,192180,"public, max-age=0, must-revalidate",45101,STALE,cle1::dub1::cw2hx-1791264071187-ce40008d9a2f,br,"Mon, 05 Oct 2026 16:49:30 GMT"
preview,new,/crucetas-musicales/virgen-salud-san-gonzalo-lunes-santo-2026,2,2026-10-06T05:21:17.370115+00:00,200,1.1,1,6.061457,6.063813,0.002356,0.000064,5.758408,0.302906,17229,192180,"public, max-age=0, must-revalidate",221,HIT,cle1::dub1::gt6zn-1791264077251-6a68ab50e270,br,"Mon, 05 Oct 2026 16:49:30 GMT"
preview,new,/crucetas-musicales/virgen-salud-san-gonzalo-lunes-santo-2026,3,2026-10-06T05:21:23.490121+00:00,200,1.1,1,6.116966,6.119601,0.002635,0.000082,5.84228,0.27456,17229,192180,"public, max-age=0, must-revalidate",227,HIT,cle1::dub1::2thnd-1791264083362-cf5e59d3e547,br,"Mon, 05 Oct 2026 16:49:30 GMT"
preview,new,/crucetas-musicales/virgen-salud-san-gonzalo-lunes-santo-2026,4,2026-10-06T05:21:28.877668+00:00,200,1.1,1,5.384673,5.387157,0.002484,0.000079,5.1176,0.266955,17229,192180,"public, max-age=0, must-revalidate",232,HIT,cle1::dub1::5lqf7-1791264088756-e11b68785537,br,"Mon, 05 Oct 2026 16:49:30 GMT"
preview,new,/crucetas-musicales/virgen-salud-san-gonzalo-lunes-santo-2026,5,2026-10-06T05:21:34.775150+00:00,200,1.1,1,5.893878,5.897118,0.00324,0.000083,5.544874,0.348874,17229,192180,"public, max-age=0, must-revalidate",238,HIT,cle1::dub1::98trp-1791264094650-870a892006f9,br,"Mon, 05 Oct 2026 16:49:30 GMT"
