branch,sha,committed_at,subject,behind_main,ahead_main,unique_commits,pr_disposition,pr_number,pr_url,proposed_action,cleanup_status
agent/acompanamientos-historicos-bandas,5b9d9f1c125515de478c3539280ddf3a6453dd38,2026-08-13T17:22:54+02:00,Compacta y distingue la memoria musical,1610,4,4,merged_exact_tip,12,https://github.com/nachosanchezperez-ux/base-cofrade/pull/12,candidate_for_authorized_cleanup,deleted
agent/agrupa-directorio-hermandades,0f8d7bbd10328e22d97c49256f299c2fa8ff9018,2026-09-04T17:26:34+02:00,Añade jerarquía visual al directorio agrupado,214,2,2,merged_exact_tip,598,https://github.com/nachosanchezperez-ux/base-cofrade/pull/598,candidate_for_authorized_cleanup,deleted
agent/ajusta-preview-piedad,3439140f84c27a5fff21ee5843224b7296e70f0a,2026-08-21T00:57:31+02:00,Equilibra la fotografía vertical sin alargar la vista previa,1331,3,3,merged_exact_tip,94,https://github.com/nachosanchezperez-ux/base-cofrade/pull/94,candidate_for_authorized_cleanup,deleted
agent/alinea-patrimonio-asuncion,03fc9b07b9dba6ce328b7b1aca43be0109719a59,2026-08-13T03:53:51+02:00,Actualiza el catálogo patrimonial con los últimos cambios de main,1631,4,3,merged_exact_tip,6,https://github.com/nachosanchezperez-ux/base-cofrade/pull/6,candidate_for_authorized_cleanup,deleted
agent/amparo-musica-cultos,a2463cbf151d83907e7294599ca0e310afcff5ce,2026-09-02T17:25:17+02:00,feat: load cult compositions in musical heritage,335,2,2,merged_exact_tip,557,https://github.com/nachosanchezperez-ux/base-cofrade/pull/557,candidate_for_authorized_cleanup,deleted
agent/arahal-coherencia-acompanamientos-20260902,80cd07682533ec46ef3a3f170f2d91e6516da2cd,2026-09-02T00:59:34+02:00,Evita duplicar la posición en histórico,386,7,7,merged_exact_tip,520,https://github.com/nachosanchezperez-ux/base-cofrade/pull/520,candidate_for_authorized_cleanup,deleted
agent/band-direction-integrity-20260822,52bc78a262e749b1b0fed98909fa5d3aee9b44c2,2026-08-22T17:33:58+02:00,Protege integridad relacional de Dirección de Bandas,1086,5,1,no_pr,,,preserve_unique_work,preserved
agent/bandas-discografia,600f429ae1e01be76e8f4c1e1a3a7d8c5d34f9ab,2026-08-17T20:05:05+02:00,Enlaza Discografía desde el directorio de Bandas,1491,12,12,merged_exact_tip,41,https://github.com/nachosanchezperez-ux/base-cofrade/pull/41,candidate_for_authorized_cleanup,deleted
agent/captcha-browser-min,b4aa8db79e7506061cb3237f0402181947a87291,2026-08-14T18:55:53+02:00,Descarga Chromium desde el paquete remoto temporal,1588,3,3,merged_exact_tip,24,https://github.com/nachosanchezperez-ux/base-cofrade/pull/24,candidate_for_authorized_cleanup,deleted
agent/captcha-browser-temporal,ea8bd065d64c7a327739fe9e445829d55c138458,2026-08-14T18:50:04+02:00,Añade navegador temporal para completar el CAPTCHA,1590,2,2,merged_exact_tip,22,https://github.com/nachosanchezperez-ux/base-cofrade/pull/22,candidate_for_authorized_cleanup,deleted
agent/captcha-runtime-cache,80b903422b6eea859a4a4aa8ed0fecfcc8b77c49,2026-08-14T19:02:29+02:00,Mantiene la sesión CAPTCHA mediante Runtime Cache,1587,2,2,merged_exact_tip,25,https://github.com/nachosanchezperez-ux/base-cofrade/pull/25,candidate_for_authorized_cleanup,deleted
agent/captcha-thumbnail,db58cb4b0a1fc92594a8818e55f92c20ddd1bfaf,2026-08-14T19:12:18+02:00,Devuelve una miniatura firmada del reto activo,1586,3,3,merged_exact_tip,26,https://github.com/nachosanchezperez-ux/base-cofrade/pull/26,candidate_for_authorized_cleanup,deleted
agent/cigarreras-nazarenos-20260822,a249017078dffbc736da3035c9440903ff3c757b,2026-08-22T11:57:53+02:00,Relaciona los hábitos nazarenos de Las Cigarreras,1204,2,2,merged_exact_tip,174,https://github.com/nachosanchezperez-ux/base-cofrade/pull/174,candidate_for_authorized_cleanup,deleted
agent/completa-portadas-bandas,a85a8fa2175a602a602c576d3ce0230ce0cec42d,2026-09-07T21:58:53+02:00,Protege la portada visual de Bandas,41,3,3,merged_exact_tip,700,https://github.com/nachosanchezperez-ux/base-cofrade/pull/700,candidate_for_authorized_cleanup,deleted
agent/corrige-fotos-encarnacion,a30d4f9324450bea3ccb76c8d34e01ed10facb54,2026-08-19T13:53:11+02:00,Sustituye por originales las fotos de La Encarnación,1394,4,4,no_pr,,,preserve_unique_work,preserved
agent/corrige-tunica-san-benito-desktop,d4df5d759d79100facd03ccc4db523905932c1b2,2026-08-20T18:13:46+02:00,Afina el bloque de datos del hábito único,1355,3,3,merged_exact_tip,77,https://github.com/nachosanchezperez-ux/base-cofrade/pull/77,candidate_for_authorized_cleanup,deleted
agent/directory-card-protocol-20260823,173579710f07cc834fc775c23c5ec8d5f01bc79e,2026-08-23T20:24:57+02:00,Añade regresión del contrato visual de directorios,937,7,7,no_pr,,,preserve_unique_work,preserved
agent/directory-card-protocol-final-20260823,d364374c48e5fc0faabfe419b6815ac73888d227,2026-08-23T20:28:37+02:00,Añade regresión del protocolo visual de directorios,935,6,6,merged_exact_tip,278,https://github.com/nachosanchezperez-ux/base-cofrade/pull/278,candidate_for_authorized_cleanup,deleted
agent/extraordinarias-directorio-20260822,6f38c138133688edaf7d348e92835da0284ac965,2026-08-22T17:45:55+02:00,Ajusta ayuda de medidas en Extraordinarias,1128,43,43,closed_unmerged_exact_tip,202,https://github.com/nachosanchezperez-ux/base-cofrade/pull/202,preserve_unique_work,preserved
agent/foto-piedad-baratillo,9337bf7e602663d59c9c34ea3310a708bcafef45,2026-08-20T16:00:32+02:00,Muestra fotografías principales en fichas de imágenes,1366,4,4,no_pr,,,preserve_unique_work,preserved
agent/foto-presentacion-san-benito,5bcbf18ac821337a7c4f5cbb224dd65c3ed4d240,2026-08-20T16:26:45+02:00,Relaciona la fotografía principal del Señor de la Presentación,1362,3,3,no_pr,,,preserve_unique_work,preserved
agent/habilita-panel-control,b0037134c97994bc9b90e698abdde23fca972bba,2026-08-13T01:07:02+02:00,style: adapta la ficha a uno dos o tres tipos,1636,9,8,merged_exact_tip,2,https://github.com/nachosanchezperez-ux/base-cofrade/pull/2,candidate_for_authorized_cleanup,deleted
agent/hc-016-1-preflight-determinista,7aa702fe0d905e6a56e0157f0e544b767d0e6cdf,2026-09-07T09:55:38+02:00,Protege el preflight determinista del importador,57,4,4,merged_exact_tip,686,https://github.com/nachosanchezperez-ux/base-cofrade/pull/686,candidate_for_authorized_cleanup,deleted
agent/hc-016-2-fuentes-canonicas,4b92d870c3eb1204ab7ab43d0061aea3a574605a,2026-09-07T11:05:43+02:00,Documenta HC-016.2,55,5,5,merged_exact_tip,687,https://github.com/nachosanchezperez-ux/base-cofrade/pull/687,candidate_for_authorized_cleanup,deleted
agent/hc-016-3-salud-propuesta-lote,893982f299a77fec4ccd262ff9d9181bc54ee90f,2026-09-07T14:45:33+02:00,Autocancela propuestas interrumpidas,53,5,5,merged_exact_tip,690,https://github.com/nachosanchezperez-ux/base-cofrade/pull/690,candidate_for_authorized_cleanup,deleted
agent/hc-016-4-reuse,6f112aac275424234e0afa4d81dbac8b5ecda95b,2026-09-07T17:22:55+02:00,HC-016.4 · Protege la reutilización asistida de Fuentes,51,4,4,closed_unmerged_exact_tip,693,https://github.com/nachosanchezperez-ux/base-cofrade/pull/693,preserve_unique_work,preserved
agent/hermandades-supabase-authority-20260822,25b3401f691725405386a91a4056858e9e508674,2026-08-22T12:38:22+02:00,Alinea RLS de autoridad con Supabase remoto,1188,16,15,no_pr,,,preserve_unique_work,preserved
agent/home-1-4-performance-visual,62ab565e988ccc2d6f3967005aa3a0c93695156c,2026-08-22T18:11:46+02:00,Limpia CSS legado y refuerza el ritmo visual de la Home,1063,13,13,merged_exact_tip,219,https://github.com/nachosanchezperez-ux/base-cofrade/pull/219,candidate_for_authorized_cleanup,deleted
agent/home-2-0-1-diversidad-visual,6f55a798977b8ea46223a9285bbb12e6908601bc,2026-08-22T20:02:53+02:00,Renueva el snapshot para la diversidad visual,1059,4,4,merged_exact_tip,224,https://github.com/nachosanchezperez-ux/base-cofrade/pull/224,candidate_for_authorized_cleanup,deleted
agent/home-2-0-editorial-visual,821f3e7bd82cceed4d18133752693552fb285090,2026-08-22T20:02:46+02:00,Prefiere fotografías reales de bandas antes que sus logotipos,1061,17,17,no_pr,,,preserve_unique_work,preserved
agent/home-2-0-visual-live,73935f5719f06f3635f06809b95d9e12ec217c58,2026-08-22T19:57:41+02:00,Integra el reproductor invertido en la marcha del día,1061,17,17,merged_exact_tip,223,https://github.com/nachosanchezperez-ux/base-cofrade/pull/223,candidate_for_authorized_cleanup,deleted
agent/home-2-1-hilos-visuales,ce1412d7e32bd88b0a796cee47bde4f123f3704b,2026-08-22T20:09:03+02:00,Aísla el estilo visual de Últimos hilos,1058,5,5,merged_exact_tip,225,https://github.com/nachosanchezperez-ux/base-cofrade/pull/225,candidate_for_authorized_cleanup,deleted
agent/home-2-2-fotografia-real,a70e54e77d0367d406dd56f9a2a95a41f192cd4c,2026-08-22T20:17:46+02:00,Renueva el snapshot para fotografía editorial real,1057,4,4,closed_unmerged_exact_tip,226,https://github.com/nachosanchezperez-ux/base-cofrade/pull/226,preserve_unique_work,preserved
agent/home-2-4-ultimos-hilos-jerarquia,aabc3ff6f6bff120ece0f983e3bb58c164f26210,2026-08-23T17:21:30+02:00,Integra la nueva jerarquía de Últimos hilos,960,3,3,merged_exact_tip,265,https://github.com/nachosanchezperez-ux/base-cofrade/pull/265,candidate_for_authorized_cleanup,deleted
agent/home-2-5-mobile-flow,56e0da84dd00ab85b4004a21c363378002031eb4,2026-08-23T19:52:51+02:00,Compacta Explorar y el cierre de Home en móvil,942,5,5,no_pr,,,preserve_unique_work,preserved
agent/home-2-5-mobile-flow-final,f0befb106ff99ca76c3bb0da98934698b9392255,2026-08-23T19:56:34+02:00,Compacta Explorar y el cierre de Home en móvil,941,5,5,merged_exact_tip,272,https://github.com/nachosanchezperez-ux/base-cofrade/pull/272,candidate_for_authorized_cleanup,deleted
agent/home-2-6-prioridad-contextual,e9acbb684344d4e31fe774cc0990e04fa6aa45aa,2026-08-23T20:10:27+02:00,Corrige el responsive de Explorar y elimina el adorno rojo,940,5,5,merged_exact_tip,273,https://github.com/nachosanchezperez-ux/base-cofrade/pull/273,candidate_for_authorized_cleanup,deleted
agent/home-explorar-realineado,4f645c81141577705ea271076005ef4d8d4cad9e,2026-08-23T03:41:38+02:00,Deja Explorar fuera de la rotación visual editorial,996,3,3,merged_exact_tip,243,https://github.com/nachosanchezperez-ux/base-cofrade/pull/243,candidate_for_authorized_cleanup,deleted
agent/home-extraordinarias-navegables,ec37f6ae2ed33022fae77d43373e2f7c0c53c992,2026-08-23T03:55:12+02:00,Hace navegables las Extraordinarias desde la Home,992,4,4,merged_exact_tip,246,https://github.com/nachosanchezperez-ux/base-cofrade/pull/246,candidate_for_authorized_cleanup,deleted
agent/home-hilo-ruta-mobile-20260902,728e13c2604fc7f1e7435a5b3a11268f14072654,2026-09-02T02:18:27+02:00,Aplica clase responsive a la ruta relacional,385,3,3,merged_exact_tip,521,https://github.com/nachosanchezperez-ux/base-cofrade/pull/521,candidate_for_authorized_cleanup,deleted
agent/home-hoy-explorar-1-2,80273df4a25aa3e508d7b05bd8dff790338b09d1,2026-08-22T01:11:05+02:00,Registra Tira del hilo 2.0 como buscador conversacional,1270,9,9,merged_exact_tip,136,https://github.com/nachosanchezperez-ux/base-cofrade/pull/136,candidate_for_authorized_cleanup,deleted
agent/home-marcha-rotacion-diaria,3b809292c008de9ad385c8d7189a8597abe74bc7,2026-08-20T17:47:43+02:00,Ajusta el reproductor Spotify de la marcha diaria,1356,3,3,merged_exact_tip,76,https://github.com/nachosanchezperez-ux/base-cofrade/pull/76,candidate_for_authorized_cleanup,deleted
agent/home-menu-scrollspy,b4bd3b91c02777f79fbb941291991d88cd0d2e8f,2026-08-21T19:37:23+02:00,Identifica las siguientes extraordinarias para el scrollspy,1285,3,3,merged_exact_tip,131,https://github.com/nachosanchezperez-ux/base-cofrade/pull/131,candidate_for_authorized_cleanup,deleted
agent/home-relacional-1-1,c547adf98993c9783d61d83b95efbb9ead44014c,2026-08-21T19:17:48+02:00,Afina la lectura visual de los hilos recientes,1287,6,6,merged_exact_tip,129,https://github.com/nachosanchezperez-ux/base-cofrade/pull/129,candidate_for_authorized_cleanup,deleted
agent/horarios-sedes-editorial-v2,33ec53b88975675ecec77b55c3a2d7702eeaf33a,2026-09-03T14:42:50+02:00,test: acota la comprobación de estilo de las horas,295,3,3,merged_exact_tip,570,https://github.com/nachosanchezperez-ux/base-cofrade/pull/570,candidate_for_authorized_cleanup,deleted
agent/importacion-masiva-20260822,507fcf16dac302710f4a91398568af03465a21d4,2026-08-22T22:45:29+02:00,Retira la versión provisional de la migración de importación,1010,23,23,merged_exact_tip,231,https://github.com/nachosanchezperez-ux/base-cofrade/pull/231,candidate_for_authorized_cleanup,deleted
agent/importador-documental-mvp,c04287c4cb192f47dbe25b403dfcccaf028aae8b,2026-08-26T15:12:32+02:00,Reconcile document importer with final first-edition main,791,19,17,closed_unmerged_exact_tip,49,https://github.com/nachosanchezperez-ux/base-cofrade/pull/49,preserve_unique_work,preserved
agent/incorpora-pasion-linares-esencia,3cd4d1d6d73b2155388efbc58b2020c27b3e18bb,2026-09-08T18:17:40+02:00,Protege la cronología de Pasión y Esencia,23,2,2,merged_exact_tip,708,https://github.com/nachosanchezperez-ux/base-cofrade/pull/708,candidate_for_authorized_cleanup,deleted
agent/integracion-supabase,22992c30fc416571b50a589c591b87cd45c56e48,2026-08-12T18:53:02+02:00,Añade escudo y Rosarios de la Asunción,1637,9,9,merged_exact_tip,1,https://github.com/nachosanchezperez-ux/base-cofrade/pull/1,candidate_for_authorized_cleanup,deleted
agent/la-cena-indumentaria,28aaa4543c89a4a03feefa69e84063dd495d0e37,2026-08-21T00:11:27+02:00,Añade la ilustración WebP de La Cena,1341,2,2,merged_exact_tip,90,https://github.com/nachosanchezperez-ux/base-cofrade/pull/90,candidate_for_authorized_cleanup,deleted
agent/maestro-tejera-glorias,731597544609c9123be1427be1a43441a05e4742,2026-08-21T02:30:31+02:00,Reconcila la versión de la migración de Maestro Tejera,1323,2,2,merged_exact_tip,100,https://github.com/nachosanchezperez-ux/base-cofrade/pull/100,candidate_for_authorized_cleanup,deleted
agent/media-abierta-20260824,ada1faa78dda603c4aaac62cf022ea772e63dfe0,2026-08-24T02:06:28+02:00,Corrige el recuento canónico de activos multimedia,897,14,14,merged_exact_tip,311,https://github.com/nachosanchezperez-ux/base-cofrade/pull/311,candidate_for_authorized_cleanup,deleted
agent/mobile-nav-header-gap,e310039882db011f334ce60df00b5869116cc174,2026-08-20T22:48:59+02:00,Hace visible el menú móvil sobre las fichas,1347,2,2,merged_exact_tip,85,https://github.com/nachosanchezperez-ux/base-cofrade/pull/85,candidate_for_authorized_cleanup,deleted
agent/nucleo-relacional-diagnostico,35f8125847c2da676bf473c547d70faa0701b06d,2026-08-14T18:23:24+02:00,noop,1591,3,3,no_pr,,,preserve_unique_work,preserved
agent/nueva-hermandad-panel,bb4c05bd6d0f684859eccd021b4b5baf4e5ccd77,2026-08-14T15:51:58+02:00,Añade el formulario de nueva hermandad,1597,3,3,merged_exact_tip,14,https://github.com/nachosanchezperez-ux/base-cofrade/pull/14,candidate_for_authorized_cleanup,deleted
agent/nueva-imagen-panel,c8ab9f8024bb30f2e8c0a2bac02cd549bad7c56d,2026-08-14T16:32:24+02:00,Añade Imágenes a la navegación del panel,1597,7,7,merged_exact_tip,15,https://github.com/nachosanchezperez-ux/base-cofrade/pull/15,candidate_for_authorized_cleanup,deleted
agent/nuevo-paso-panel,83b1f92d9b5eb597dd20b46a6a928f00af25a570,2026-08-14T17:21:49+02:00,Añade acceso a pasos desde el resumen,1597,7,7,merged_exact_tip,17,https://github.com/nachosanchezperez-ux/base-cofrade/pull/17,candidate_for_authorized_cleanup,deleted
agent/ordena-directorio-bandas,222744bb9881494b5c93bf9fb13bb3e0d8e6de77,2026-09-04T18:23:05+02:00,Da jerarquía visual al directorio de bandas,213,2,2,merged_exact_tip,599,https://github.com/nachosanchezperez-ux/base-cofrade/pull/599,candidate_for_authorized_cleanup,deleted
agent/ordena-directorio-hermandades,09968ceda5a0a637f0fe756af800326a5445213f,2026-09-04T17:16:10+02:00,Aplica la ordenación cofrade en categorías del directorio,215,2,2,merged_exact_tip,597,https://github.com/nachosanchezperez-ux/base-cofrade/pull/597,candidate_for_authorized_cleanup,deleted
agent/panel-agentes-workspace-20260822,599efad638b3298bd3fbbb98c52b0d584e47cfe6,2026-08-22T15:06:49+02:00,Evita enlace público inexistente en Personas,1129,11,11,no_pr,,,preserve_unique_work,preserved
agent/panel-command-palette-20260823,4a66bfdae712a280ca7703f3f92b170b01f11702,2026-08-23T23:54:40+02:00,Amplía la regresión de búsqueda rápida a Extraordinarias,918,11,11,merged_exact_tip,294,https://github.com/nachosanchezperez-ux/base-cofrade/pull/294,candidate_for_authorized_cleanup,deleted
agent/panel-entity-parity-20260822,e3e87766881d0152ab9190734fe63ea58e7a0c02,2026-08-22T13:29:34+02:00,Expone la Advocación en la ficha de Imagen,1171,18,18,no_pr,,,preserve_unique_work,preserved
agent/panel-errores-metricas-20260823,dec8ad00e1c185cdba0753bcdfc4cbdc80025401,2026-08-23T03:55:05+02:00,Protege también cambios de archivos sin intentar restaurarlos,994,12,12,merged_exact_tip,247,https://github.com/nachosanchezperez-ux/base-cofrade/pull/247,candidate_for_authorized_cleanup,deleted
agent/panel-form-hierarchy-20260824,5925a87c3de0fbcc84354188ecd25291d00822d3,2026-08-24T00:19:08+02:00,Añade regresión de jerarquía y densidad del Panel,917,11,11,merged_exact_tip,296,https://github.com/nachosanchezperez-ux/base-cofrade/pull/296,candidate_for_authorized_cleanup,deleted
agent/panel-front-parity-p0-20260822,9b40a5890dd40137efc77b473e200d2cfc044a48,2026-08-22T12:17:52+02:00,Añade editor completo de Personas,1195,3,3,closed_unmerged_exact_tip,176,https://github.com/nachosanchezperez-ux/base-cofrade/pull/176,preserve_unique_work,preserved
agent/panel-hermandad-secciones-20260822,dcaf38dde8a768cc80df3d479329271c01c3a2f9,2026-08-22T14:20:49+02:00,Mantiene legibles las acciones al separar módulos,1143,3,3,merged_exact_tip,195,https://github.com/nachosanchezperez-ux/base-cofrade/pull/195,candidate_for_authorized_cleanup,deleted
agent/panel-hoy-centro-editorial-20260822,5c15dd057f571755de14a8e9fe87a6f13b6ba84b,2026-08-22T16:15:59+02:00,Recibe preselección desde el Banco editorial,1117,15,15,merged_exact_tip,209,https://github.com/nachosanchezperez-ux/base-cofrade/pull/209,candidate_for_authorized_cleanup,deleted
agent/panel-marchas-workspace-20260822,bdb8c4a05c4a94aa7ec47594bacdafc3110aa0eb,2026-08-22T15:41:13+02:00,Convierte General de Marchas en resumen operativo,1120,6,6,merged_exact_tip,207,https://github.com/nachosanchezperez-ux/base-cofrade/pull/207,candidate_for_authorized_cleanup,deleted
agent/panel-mobile-media-context-20260824,12f656e48281e9099dcd695c2a5b39fdb6a58f95,2026-08-24T01:14:05+02:00,Añade regresión del flujo móvil de fotos y carteles,914,7,7,merged_exact_tip,302,https://github.com/nachosanchezperez-ux/base-cofrade/pull/302,candidate_for_authorized_cleanup,deleted
agent/panel-nav-toast-20260823,ac486a89d60a84e167cf0d771890426622a0aafd,2026-08-23T03:20:07+02:00,Actualiza la prueba al nuevo patrón de pestañas,999,12,12,merged_exact_tip,238,https://github.com/nachosanchezperez-ux/base-cofrade/pull/238,candidate_for_authorized_cleanup,deleted
agent/panel-navigation-design-20260823,f4db001cbf07c52eaa1971173f5decb53796e2c0,2026-08-23T23:45:50+02:00,Actualiza la regresión de navegación contextual agrupada,919,13,13,merged_exact_tip,293,https://github.com/nachosanchezperez-ux/base-cofrade/pull/293,candidate_for_authorized_cleanup,deleted
agent/panel-parity-p0-20260822,0ed42310f4aee12cbfb8a190ed91e69d6a8b6ba2,2026-08-22T13:32:58+02:00,Añade navegación responsive del panel,1162,2,2,closed_unmerged_exact_tip,190,https://github.com/nachosanchezperez-ux/base-cofrade/pull/190,preserve_unique_work,preserved
agent/panel-pasos-secciones-20260822,d1ccef97c43eed3bbcc85f707d9ac810afa37e48,2026-08-22T14:29:36+02:00,Amplía el workspace del Paso con módulos propios,1141,6,6,merged_exact_tip,196,https://github.com/nachosanchezperez-ux/base-cofrade/pull/196,candidate_for_authorized_cleanup,deleted
agent/panel-ux-navegacion-feedback-20260823,d6bf56c3dbf6941aec369afcc00778c606b19006,2026-08-23T03:28:20+02:00,Evita solapar el estado sticky con el toast central,998,8,8,merged_exact_tip,241,https://github.com/nachosanchezperez-ux/base-cofrade/pull/241,candidate_for_authorized_cleanup,deleted
agent/panel-ux-segunda-pasada-20260823,2a3b8fb4b63f2596cbe34c8d99b054db10e446d6,2026-08-23T03:44:13+02:00,Limita la zona clicable a las listas editoriales,996,9,9,merged_exact_tip,244,https://github.com/nachosanchezperez-ux/base-cofrade/pull/244,candidate_for_authorized_cleanup,deleted
agent/patrimonio-asuncion,c65f241dac8b14a83bdb32d6d413a11387ed7d7e,2026-08-13T02:47:24+02:00,Alinea el catálogo patrimonial en dos columnas,1634,5,4,merged_pr_branch_moved,3,https://github.com/nachosanchezperez-ux/base-cofrade/pull/3,preserve_unique_work,preserved
agent/piedad-baratillo-patrimonio,b54c7afa787eb3302ce9e7026365be2cd4669b5d,2026-08-21T00:41:50+02:00,Actualiza La Piedad sobre el último main,1333,8,6,merged_exact_tip,92,https://github.com/nachosanchezperez-ux/base-cofrade/pull/92,candidate_for_authorized_cleanup,deleted
agent/relaciona-imagenes-hermandad,0ec04a52e463139512de7efcc496864eee886784,2026-08-14T17:10:24+02:00,Añade acceso a imágenes desde el editor de hermandad,1597,7,7,merged_exact_tip,16,https://github.com/nachosanchezperez-ux/base-cofrade/pull/16,candidate_for_authorized_cleanup,deleted
agent/san-benito-readiness,aea7e81b360346891ba6e42ccce6b6efd836b1d1,2026-08-15T00:07:26+02:00,Sincroniza main en San Benito readiness,1542,23,22,closed_unmerged_exact_tip,35,https://github.com/nachosanchezperez-ux/base-cofrade/pull/35,preserve_unique_work,preserved
agent/san-benito-readiness-sync-backup,feb8ccc530662f0e0e0ac66af312e11cbbb0aa00,2026-08-14T23:53:36+02:00,Hace realmente opcional el responsable de una intervención,1552,20,20,no_pr,,,preserve_unique_work,preserved
agent/san-bernardo-historico-musical,d69d9de8d40b936fd55838fd82ad58463a870b84,2026-09-05T23:37:26+02:00,Integra la cronología visual del histórico musical,129,4,4,merged_exact_tip,641,https://github.com/nachosanchezperez-ux/base-cofrade/pull/641,candidate_for_authorized_cleanup,deleted
agent/san-esteban-relacional-20260822,e9b3b7cc67246ab68990a2b2af5919814a9d8dbf,2026-08-22T22:57:32+02:00,Retira la versión provisional de la cronología de Las Cigarreras,1010,6,6,merged_exact_tip,233,https://github.com/nachosanchezperez-ux/base-cofrade/pull/233,candidate_for_authorized_cleanup,deleted
agent/seo-rendimiento-indexacion,7ee7b4dfaa2b5f13e9e7a367794cd05bdf3ee410,2026-08-19T15:01:21+02:00,Mantiene los nombres de bandas con jerarquía tipográfica común,1383,2,2,closed_unmerged_exact_tip,56,https://github.com/nachosanchezperez-ux/base-cofrade/pull/56,preserve_unique_work,preserved
agent/tira-del-hilo-2-10-fuentes-directas,79036a187adb7d28013ba6765ee4fb36728686fb,2026-08-22T03:16:24+02:00,Elimina estilos inline no utilizados,1206,9,9,merged_exact_tip,167,https://github.com/nachosanchezperez-ux/base-cofrade/pull/167,candidate_for_authorized_cleanup,deleted
agent/tira-del-hilo-2-11-descubrimiento,016506d15238a48047bf2725ac1c80380db0128f,2026-08-22T03:21:39+02:00,Hace descubrible la exploración guiada del grafo,1204,6,6,closed_unmerged_exact_tip,168,https://github.com/nachosanchezperez-ux/base-cofrade/pull/168,preserve_unique_work,preserved
agent/tira-del-hilo-2-2-contexto-conjuntos,02b50ee169fadd97ee3119058ff497c3f70abb5e,2026-08-22T02:12:43+02:00,Mantiene conjuntos entre repreguntas conversacionales,1228,3,3,no_pr,,,preserve_unique_work,preserved
agent/tira-del-hilo-2-2-contexto-conjuntos-v2,d8145679fba6bca20ef9db5d9f686ddb432987a6,2026-08-22T02:16:26+02:00,Añade memoria contextual de conjuntos a Tira del hilo,1225,4,4,merged_exact_tip,149,https://github.com/nachosanchezperez-ux/base-cofrade/pull/149,candidate_for_authorized_cleanup,deleted
agent/tira-del-hilo-2-3-contexto-general-v2,48567a2af6189327740dc9a4043c5da686fe56ac,2026-08-22T02:30:26+02:00,Afina comparativas sobre conjuntos,1219,7,7,merged_exact_tip,153,https://github.com/nachosanchezperez-ux/base-cofrade/pull/153,candidate_for_authorized_cleanup,deleted
agent/tira-del-hilo-2-4-graph-reasoning,710cf518782d47bf76c71d95171eac94ef1d09cb,2026-08-22T02:34:53+02:00,Activa el razonamiento del grafo en Tira del hilo,1218,4,4,merged_exact_tip,156,https://github.com/nachosanchezperez-ux/base-cofrade/pull/156,candidate_for_authorized_cleanup,deleted
agent/tira-del-hilo-2-5-descubrimiento,409c7807ce8012e54c5985c29442b7a0b0a72df9,2026-08-22T15:03:01+02:00,Activa el modo de descubrimiento en Tira del hilo,1129,2,2,merged_exact_tip,198,https://github.com/nachosanchezperez-ux/base-cofrade/pull/198,candidate_for_authorized_cleanup,deleted
agent/tira-del-hilo-2-5-rutas-y-tiempo,4e440e6ca6fba8f417485b021b034a04ae43e6c5,2026-08-22T02:43:07+02:00,Cubre órdenes temporales en ambos sentidos,1215,9,9,merged_exact_tip,157,https://github.com/nachosanchezperez-ux/base-cofrade/pull/157,candidate_for_authorized_cleanup,deleted
agent/tira-del-hilo-2-6-evidencia,335c2681df7dd4fe0cd81e1cfe2261a32aa599c3,2026-08-22T02:47:56+02:00,Hace visible la base de cada respuesta,1213,7,7,merged_exact_tip,159,https://github.com/nachosanchezperez-ux/base-cofrade/pull/159,candidate_for_authorized_cleanup,deleted
agent/tira-del-hilo-2-6-semantico,9ac2e6904cef9353399d63e1113c17b35d85293e,2026-08-22T15:22:26+02:00,Conserva la correspondencia entre plan y respuestas,1123,7,7,merged_exact_tip,203,https://github.com/nachosanchezperez-ux/base-cofrade/pull/203,candidate_for_authorized_cleanup,deleted
agent/tira-del-hilo-2-7-fuentes,0111641e5e4656b48db7766a795ee94e513517b6,2026-08-22T02:54:08+02:00,Activa fuentes vinculadas en Tira del hilo,1210,7,7,merged_exact_tip,162,https://github.com/nachosanchezperez-ux/base-cofrade/pull/162,candidate_for_authorized_cleanup,deleted
agent/tira-del-hilo-2-7-gratis-compuestas,d66bf0f502b6ee2d604aeee644e15dabe5af6380,2026-08-22T15:41:30+02:00,Ajusta pruebas a capacidades gratuitas soportadas,1121,7,7,merged_exact_tip,206,https://github.com/nachosanchezperez-ux/base-cofrade/pull/206,candidate_for_authorized_cleanup,deleted
agent/tira-del-hilo-2-8-fuentes-relacion,ac78cbb9515191393d2809fb777193998ada8865,2026-08-22T03:02:10+02:00,Cubre soporte documental de las aristas,1209,8,8,merged_exact_tip,164,https://github.com/nachosanchezperez-ux/base-cofrade/pull/164,candidate_for_authorized_cleanup,deleted
agent/tira-del-hilo-2-8-marchas-gratis,49ddf77348d258c06551b90115113ba7cf095f23,2026-08-22T15:54:19+02:00,Expone huecos documentales en respuestas compuestas,1118,12,12,merged_exact_tip,208,https://github.com/nachosanchezperez-ux/base-cofrade/pull/208,candidate_for_authorized_cleanup,deleted
agent/tira-del-hilo-2-9-gratis,dc218788365c1645964bfe56e2f301f928d402dc,2026-08-22T16:14:13+02:00,Convierte enlaces de escucha en resultados navegables,1117,5,5,merged_exact_tip,210,https://github.com/nachosanchezperez-ux/base-cofrade/pull/210,candidate_for_authorized_cleanup,deleted
agent/tira-del-hilo-2-9-modo-conversacion,42b7f4206606d2ed098ff379ae7395819cee13e7,2026-08-22T03:08:41+02:00,Cubre enlaces saneados al restaurar conversación,1207,9,9,merged_exact_tip,165,https://github.com/nachosanchezperez-ux/base-cofrade/pull/165,candidate_for_authorized_cleanup,deleted
agent/viernes-dolores-relacional-20260823,6b0e44d3e78e2c22b652c2fbdd120320c1e6ffad,2026-08-23T03:07:22+02:00,Alinea las relaciones del Viernes de Dolores con Supabase,1000,2,2,merged_exact_tip,237,https://github.com/nachosanchezperez-ux/base-cofrade/pull/237,candidate_for_authorized_cleanup,deleted
archive/pre-cleanup-20260909,1261c3d1d7da023faa0449ed2cd2b69fef7fabe1,2026-09-09T09:48:37+02:00,Archivo recuperable previo a la limpieza de ramas del 9 de septiembre de 2026,2,1512,1483,no_pr,,,preserve_policy,preserved
chore/bandas-public-authority-20260823,09373c8a4b3f09fc29e71842f6864db0021e1d76,2026-08-23T19:44:49+02:00,Añade barrera de regresión para la autoridad pública de Bandas,942,4,4,merged_exact_tip,271,https://github.com/nachosanchezperez-ux/base-cofrade/pull/271,candidate_for_authorized_cleanup,deleted
chore/extraordinarias-public-authority-20260823,77f0de57ce283f6a399d8097cbd065fc8d8514a5,2026-08-23T20:16:13+02:00,Añade barrera de regresión para Extraordinarias públicas,939,3,3,merged_exact_tip,274,https://github.com/nachosanchezperez-ux/base-cofrade/pull/274,candidate_for_authorized_cleanup,deleted
chore/first-edition-completion-20260826,34d5963e0a57c2f8c94c856d8e7bb618aa5f0c4d,2026-08-26T14:58:24+02:00,Guard the closed public collaboration channel,793,2,2,merged_exact_tip,363,https://github.com/nachosanchezperez-ux/base-cofrade/pull/363,candidate_for_authorized_cleanup,deleted
chore/hilo-orquestador-estado-20260823,352e3e788c90b8d642d845b19753aec2098c2635,2026-08-23T11:51:14+02:00,Aclara el baseline del registro operativo,990,3,3,merged_exact_tip,248,https://github.com/nachosanchezperez-ux/base-cofrade/pull/248,candidate_for_authorized_cleanup,deleted
chore/identidad-corporativa-oficial-20260831,0ced56596f7d4e21dec542287c85ee3c4806c61c,2026-08-31T20:14:00+02:00,test: añade auditoría de identidad corporativa,452,13,13,no_pr,,,preserve_unique_work,preserved
chore/pasos-public-authority-reconcile-20260823,fc978330adfaf39f6de4c6a600d9f197e2991f82,2026-08-23T17:29:54+02:00,Blinda la autoridad pública de Pasos,955,2,2,no_pr,,,preserve_unique_work,preserved
chore/personas-public-authority-20260823,abf33e24adb6301ff246b45e57b646fdce7d437f,2026-08-23T23:21:07+02:00,Alinea la regresión de Personas con la migración remota,922,6,6,closed_unmerged_exact_tip,288,https://github.com/nachosanchezperez-ux/base-cofrade/pull/288,preserve_unique_work,preserved
chore/rebuild-pr214-20260823,534a203900b682c73beff90b04bcd4a98853e391,2026-08-23T13:04:08+02:00,Documenta autoridad pública de Hermandades,985,2,2,no_pr,,,preserve_unique_work,preserved
chore/reconcile-habit-media-migration-20260824,2ed43151100eb1f36e31e2f47e32a2735d62b4b5,2026-08-24T01:29:19+02:00,Cierra la normalización de rutas de hábitos,901,3,3,merged_exact_tip,307,https://github.com/nachosanchezperez-ux/base-cofrade/pull/307,candidate_for_authorized_cleanup,deleted
chore/reconcile-personas-migration-20260823,28592db7083f9eabbc7af9d0c61b65f0f62c721e,2026-08-23T23:23:40+02:00,Amplía la regresión final de autoridad pública de Personas,921,2,2,merged_exact_tip,289,https://github.com/nachosanchezperez-ux/base-cofrade/pull/289,candidate_for_authorized_cleanup,deleted
chore/reconcilia-migracion-amparo,a816e4376ffdd436717a380d49ca610b07bdb2eb,2026-09-02T14:20:30+02:00,Retira versión local de la migración del Amparo,356,2,2,merged_exact_tip,552,https://github.com/nachosanchezperez-ux/base-cofrade/pull/552,candidate_for_authorized_cleanup,deleted
chore/redeploy-main-20260821,9ce53c21045fd2ecc3b58e194eae3496cf68a974,2026-08-21T18:27:28+02:00,Activa de nuevo el despliegue automático,1300,2,1,merged_exact_tip,123,https://github.com/nachosanchezperez-ux/base-cofrade/pull/123,candidate_for_authorized_cleanup,deleted
codex/audita-presentacion-pueblo,47ae9b53043f5f9762000fa83fb698c757d67171,2026-09-01T00:05:21+02:00,chore: tolera previews Supabase sin datos editoriales,436,2,2,merged_exact_tip,478,https://github.com/nachosanchezperez-ux/base-cofrade/pull/478,candidate_for_authorized_cleanup,deleted
codex/certifica-el-juncal,d97a3119aa347694dbfa057f1d12c04573e4e21a,2026-09-07T00:54:15+02:00,Documenta la certificación de El Juncal,68,2,2,merged_exact_tip,674,https://github.com/nachosanchezperez-ux/base-cofrade/pull/674,candidate_for_authorized_cleanup,deleted
codex/certifica-la-carreteria,8fe7e9fdc3bf31ccddfe3a4b8ac871afae4eaf59,2026-09-07T00:05:07+02:00,Sincroniza el estado tras cerrar La Carretería,73,2,2,merged_exact_tip,670,https://github.com/nachosanchezperez-ux/base-cofrade/pull/670,candidate_for_authorized_cleanup,deleted
codex/cierra-consolacion-osuna,3b3b88b366cbe1c06186d8fb385b4b5002771049,2026-09-06T12:03:47+02:00,Certifica el cierre avanzado de Consolación de Osuna,92,4,4,merged_exact_tip,661,https://github.com/nachosanchezperez-ux/base-cofrade/pull/661,candidate_for_authorized_cleanup,deleted
codex/cierra-los-negritos,4b4f8d6317446431fa484ce39495befce250cf09,2026-09-07T01:40:06+02:00,Autoriza el escudo oficial de Los Negritos,66,2,2,merged_exact_tip,676,https://github.com/nachosanchezperez-ux/base-cofrade/pull/676,candidate_for_authorized_cleanup,deleted
codex/cierra-orden-operativo-20260909,418ce4fd8955412d4010f3a6fc1921b4c08a43ee,2026-09-09T03:38:44+02:00,Corrige el formato del cierre concurrente,13,3,3,merged_exact_tip,714,https://github.com/nachosanchezperez-ux/base-cofrade/pull/714,candidate_for_authorized_cleanup,deleted
codex/cierra-pasion-y-muerte,71416afe4444d1eaa03a0b056f3f697cd6f3676d,2026-09-07T01:46:53+02:00,Actualiza el contrato de Pasión y Muerte,64,2,1,merged_exact_tip,677,https://github.com/nachosanchezperez-ux/base-cofrade/pull/677,candidate_for_authorized_cleanup,deleted
codex/cierra-purisima-la-algaba,8c0730f1845bc9711966ddc44f0dd5ae126dd62b,2026-09-06T09:16:11+02:00,Certifica el cierre avanzado de la Purísima de La Algaba,94,3,3,merged_exact_tip,657,https://github.com/nachosanchezperez-ux/base-cofrade/pull/657,candidate_for_authorized_cleanup,deleted
codex/completa-bandas-sol-carmen-20260820,9d3850a68cdcbd1fc912762ae28a7da8fc6e884e,2026-08-20T12:18:25+02:00,Completa las fichas de la Banda del Sol y el Carmen,1370,2,2,merged_exact_tip,67,https://github.com/nachosanchezperez-ux/base-cofrade/pull/67,candidate_for_authorized_cleanup,deleted
codex/cruz-roja-fase1-documental-20260901,b1402bf409048d40082c854461937767ff0f3eb9,2026-09-01T02:40:40+02:00,chore(db): elimina versión provisional de Cruz Roja,418,5,4,merged_exact_tip,491,https://github.com/nachosanchezperez-ux/base-cofrade/pull/491,candidate_for_authorized_cleanup,deleted
codex/documenta-publicacion-nino-jesus-san-bernardo,0f2dc328d7f54002a12a69629772297515f8f31a,2026-09-06T08:17:23+02:00,Corrige la versión aplicada de Jesús Despojado,95,2,2,merged_exact_tip,656,https://github.com/nachosanchezperez-ux/base-cofrade/pull/656,candidate_for_authorized_cleanup,deleted
codex/enlaces-interes-bandas,67bd6fec3b1a71d0adbecff925b67a446a831c6c,2026-08-13T16:28:16+02:00,Añade migración de enlaces de interés y Spotify,1611,8,8,merged_exact_tip,11,https://github.com/nachosanchezperez-ux/base-cofrade/pull/11,candidate_for_authorized_cleanup,deleted
codex/fix-panel-mark-aspect,3faed5e5effa4b0a1879389cde06e5eeddc56dd0,2026-09-07T12:28:39+02:00,Protege la caja cuadrada de las marcas,54,2,2,merged_exact_tip,688,https://github.com/nachosanchezperez-ux/base-cofrade/pull/688,candidate_for_authorized_cleanup,deleted
codex/fix-panel-mark-height,7e73cc3ae7c17434354f32faa5a9a777ee951d43,2026-09-07T08:48:52+02:00,Protege la prioridad del alto en las marcas,57,2,2,merged_exact_tip,685,https://github.com/nachosanchezperez-ux/base-cofrade/pull/685,candidate_for_authorized_cleanup,deleted
codex/fix-panel-mark-proportions,6c6cd738af5f897def27b371659a4f4e5c45db51,2026-09-07T08:43:57+02:00,Protege las proporciones de las marcas del panel,58,2,2,merged_exact_tip,684,https://github.com/nachosanchezperez-ux/base-cofrade/pull/684,candidate_for_authorized_cleanup,deleted
codex/fix-panel-source-links-scale,0cadfe5ea6e08191a35aa5bc2001bd8790d4aac0,2026-09-07T18:24:16+02:00,Protege los vínculos de Fuentes por encima de 1000 filas,50,2,2,merged_exact_tip,694,https://github.com/nachosanchezperez-ux/base-cofrade/pull/694,candidate_for_authorized_cleanup,deleted
codex/fotos-completas-la-cena-20260820,300fe886c0146cc11269bcf27b7356c8b2feb4f8,2026-08-21T00:09:04+02:00,Alinea la versión de la migración fotográfica,1341,2,2,merged_exact_tip,89,https://github.com/nachosanchezperez-ux/base-cofrade/pull/89,candidate_for_authorized_cleanup,deleted
codex/hc-016-3-safe-importer,50869aec598bee9e0c8001cd3c1bde66b817637b,2026-09-07T14:43:40+02:00,HC-016.3 · test/hc-016-safe-importer.test.js,53,13,13,merged_exact_tip,689,https://github.com/nachosanchezperez-ux/base-cofrade/pull/689,candidate_for_authorized_cleanup,deleted
codex/hc-016-3-state-sync,e9eff6e1f50c12b5a1491270a9949b1b0c3bdcf0,2026-09-07T17:18:13+02:00,Sincroniza el estado canónico tras HC-016.3,52,1,1,closed_unmerged_exact_tip,691,https://github.com/nachosanchezperez-ux/base-cofrade/pull/691,preserve_unique_work,preserved
codex/hc-016-apply-update-guard,18a6dd8f65db12d2e6eda83d3a8340bbe8ba74e3,2026-09-07T19:54:27+02:00,Añade regresiones para Apply parcial y RLS no escribible,49,3,3,merged_exact_tip,695,https://github.com/nachosanchezperez-ux/base-cofrade/pull/695,candidate_for_authorized_cleanup,deleted
codex/hc016-authorship-check,a3617118d9ed626db4420f0482912931a5b14d92,2026-09-08T16:39:23+02:00,Añade regresión de autorías inválidas,26,2,2,merged_exact_tip,705,https://github.com/nachosanchezperez-ux/base-cofrade/pull/705,candidate_for_authorized_cleanup,deleted
codex/hc016-outing-route-label,8bc67cb405d11ac05b9c55b7d8317acb80ce9b7c,2026-09-08T17:01:05+02:00,Añade regresión del rótulo Recorrido,25,2,2,merged_exact_tip,706,https://github.com/nachosanchezperez-ux/base-cofrade/pull/706,candidate_for_authorized_cleanup,deleted
codex/las-aguas-salidas-habituales,28e825ab0485617ff5e21bc8a79779a199fbceba,2026-09-06T21:50:33+02:00,Protege las salidas habituales de Las Aguas,83,2,2,merged_exact_tip,666,https://github.com/nachosanchezperez-ux/base-cofrade/pull/666,candidate_for_authorized_cleanup,deleted
codex/logo-sol-sin-margenes-20260820,c70e56eb32f34219a8317959323d2f36f1ecedb2,2026-08-20T12:02:06+02:00,Ajusta el logo de la Banda del Sol sin márgenes,1371,3,3,merged_exact_tip,66,https://github.com/nachosanchezperez-ux/base-cofrade/pull/66,candidate_for_authorized_cleanup,deleted
codex/ordena-estado-operativo-20260909,85885db42420d61e30d8f476d9498e1aab0adcfd,2026-09-09T03:32:16+02:00,Ordena el tablero operativo canónico,14,3,3,merged_exact_tip,712,https://github.com/nachosanchezperez-ux/base-cofrade/pull/712,candidate_for_authorized_cleanup,deleted
codex/portadas-bandas-sol-carmen-20260820,30530b121da038340392242b603d7b87dd2d084b,2026-08-20T12:46:09+02:00,Carga portadas y retira la dirección de ambas bandas,1367,2,2,merged_exact_tip,69,https://github.com/nachosanchezperez-ux/base-cofrade/pull/69,candidate_for_authorized_cleanup,deleted
codex/presentacion-banderin-fondo-negro-20260901,b9ccaded0d6a2c316b5abe8b168e141c1f96c201,2026-09-01T02:20:56+02:00,Reconcilia la migración del banderín,420,2,2,merged_exact_tip,489,https://github.com/nachosanchezperez-ux/base-cofrade/pull/489,candidate_for_authorized_cleanup,deleted
codex/presentacion-fase2-20260831,351cf10e89d34048edfc982b98897e0759a93d1c,2026-09-01T00:50:11+02:00,data(bandas): completar Presentación al Pueblo fase 2,431,4,4,merged_exact_tip,482,https://github.com/nachosanchezperez-ux/base-cofrade/pull/482,candidate_for_authorized_cleanup,deleted
codex/publica-nino-jesus-san-bernardo-2026,32edd48db27cc368e93642a18ec2db4a3bafd71d,2026-09-06T08:09:57+02:00,Retira la versión local desalineada de Jesús Despojado,96,3,3,merged_exact_tip,655,https://github.com/nachosanchezperez-ux/base-cofrade/pull/655,candidate_for_authorized_cleanup,deleted
codex/reconcilia-presentacion-cierre-20260831,e7601f8913b8d81a9f4d441a461b8adf3018be31,2026-09-01T01:04:21+02:00,chore(db): elimina versión provisional del cierre de Presentación,423,2,2,merged_exact_tip,487,https://github.com/nachosanchezperez-ux/base-cofrade/pull/487,candidate_for_authorized_cleanup,deleted
codex/reconcilia-presentacion-fase2-20260831,f9e24a3844c5d899bc3816273b0ba89baeb541fd,2026-09-01T00:55:09+02:00,chore(db): elimina versión provisional de Presentación fase 2,430,2,2,merged_exact_tip,483,https://github.com/nachosanchezperez-ux/base-cofrade/pull/483,candidate_for_authorized_cleanup,deleted
codex/reconcilia-presentacion-produccion,d34add37e00b04a663ca220cac2d63bb69f89e18,2026-09-01T00:12:20+02:00,content: limpia nota pública de La Rinconada,434,3,3,merged_exact_tip,479,https://github.com/nachosanchezperez-ux/base-cofrade/pull/479,candidate_for_authorized_cleanup,deleted
codex/revisa-y-limpia-ramas-20260909,ced60c968a7b579c2b6b11d38e43da199e6150c6,2026-09-09T09:54:45+02:00,Prepara la limpieza recuperable de ramas,2,1,1,open_pr,720,https://github.com/nachosanchezperez-ux/base-cofrade/pull/720,preserve_policy,deleted_second_pass
codex/sincroniza-estado-consolacion-osuna,70ae3368febcd90a469e8e787c9cc3fd8ede1299,2026-09-06T12:07:54+02:00,Revalida el estado tras integrar la corrección musical,91,2,2,merged_exact_tip,662,https://github.com/nachosanchezperez-ux/base-cofrade/pull/662,candidate_for_authorized_cleanup,deleted
content/centuria-y-tres-caidas-logo-20260831,4856bcc60ab9855e137e73a909fda86d6832d254,2026-08-31T16:48:32+02:00,Corrige dominios remotos de carátulas,470,2,2,merged_exact_tip,458,https://github.com/nachosanchezperez-ux/base-cofrade/pull/458,candidate_for_authorized_cleanup,deleted
content/certifica-san-bernardo,2b74e3c847c4ddd8455fcc50fbb5391f9e34b93e,2026-09-05T23:24:05+02:00,Actualiza estado tras cerrar San Bernardo,132,2,2,merged_exact_tip,638,https://github.com/nachosanchezperez-ux/base-cofrade/pull/638,candidate_for_authorized_cleanup,deleted
content/cristo-sangre-cartel-pastora-2024,4ec7e6d6cc1bac4d3af5e387d84e19f9b508595b,2026-08-21T20:27:10+02:00,Dispara reconstrucción segura de medios,1278,2,2,no_pr,,,preserve_unique_work,preserved
content/horarios-templos-septiembre-2026,f2e33eb7bdf94aac3fb0ee8e34b7a80f4282d12e,2026-09-01T15:59:27+02:00,Blinda el contrato de horarios de templos,411,4,4,merged_exact_tip,499,https://github.com/nachosanchezperez-ux/base-cofrade/pull/499,candidate_for_authorized_cleanup,deleted
content/iguala-pastora-triana-20260831,aa77cb7d9971a51c3af173c29db5042a85392680,2026-08-31T23:40:12+02:00,chore: retira la versión previa no aplicada,437,5,5,merged_exact_tip,476,https://github.com/nachosanchezperez-ux/base-cofrade/pull/476,candidate_for_authorized_cleanup,deleted
content/igualas-septiembre-20260831,87559a796d2ea737fe925d3fb481fad0bc1c5ccf,2026-08-31T09:48:35+02:00,test: actualiza el historial activo de Supabase,498,4,4,merged_exact_tip,445,https://github.com/nachosanchezperez-ux/base-cofrade/pull/445,candidate_for_authorized_cleanup,deleted
content/video-traslado-risco-cantillana-20260831,ccfde4eb8595f28eba2c1cfa1e57c57d5736f5e4,2026-09-01T00:15:33+02:00,Normaliza el tipo del traslado al Risco,433,2,2,merged_exact_tip,480,https://github.com/nachosanchezperez-ux/base-cofrade/pull/480,candidate_for_authorized_cleanup,deleted
docs/certifica-la-trinidad-2026-09-04,1d994faad4f667b32bd0512985894b6490d9d116,2026-09-04T09:08:36+02:00,Ajusta la certificación musical de La Trinidad a 2026,235,7,7,merged_exact_tip,582,https://github.com/nachosanchezperez-ux/base-cofrade/pull/582,candidate_for_authorized_cleanup,deleted
docs/certifica-los-negritos,6a23b85996a55b528764c739b8cb254703f31c56,2026-09-07T01:50:07+02:00,Actualiza el estado tras Los Negritos,63,2,2,merged_exact_tip,679,https://github.com/nachosanchezperez-ux/base-cofrade/pull/679,candidate_for_authorized_cleanup,deleted
docs/cierra-arahal-los-gitanos,7d222d30e9e51acbcc98cd5b1cafe7db88062259,2026-09-01T17:03:42+02:00,Reconcilia registro idempotente de Supabase,404,2,2,merged_exact_tip,507,https://github.com/nachosanchezperez-ux/base-cofrade/pull/507,candidate_for_authorized_cleanup,deleted
docs/cierra-arquitectura-publica-final-20260823,0f53656d08c025775f95ce17e3db825c8261adaf,2026-08-23T23:30:45+02:00,Declara cerrada la Arquitectura pública,920,1,1,closed_unmerged_exact_tip,292,https://github.com/nachosanchezperez-ux/base-cofrade/pull/292,preserve_unique_work,preserved
docs/cierra-fase-consolidacion-20260824,06c0405fcc8fbfb879139a57cc6879a50d15a7d9,2026-08-24T02:24:39+02:00,Selecciona Experiencia móvil como siguiente gran frente,894,1,1,closed_unmerged_exact_tip,316,https://github.com/nachosanchezperez-ux/base-cofrade/pull/316,preserve_unique_work,preserved
docs/cierra-maestro-tejera-centuria,83b76b6a0636a24475b35d2cdef3e89abd021c21,2026-09-01T16:24:00+02:00,chore: retira el timestamp local sustituido,408,3,3,merged_exact_tip,502,https://github.com/nachosanchezperez-ux/base-cofrade/pull/502,candidate_for_authorized_cleanup,deleted
docs/cierra-smoke-transversal-20260823,cf10d50ea906968a609c8e6f48aa4521328a9740,2026-08-24T00:20:26+02:00,Reconcilia el cierre del smoke con el main vigente,919,2,2,closed_unmerged_exact_tip,308,https://github.com/nachosanchezperez-ux/base-cofrade/pull/308,preserve_unique_work,preserved
docs/clarify-functional-baseline-20260901,f51451168de5ac18a16e37de32953e7a67aecf20,2026-09-01T08:21:13+02:00,docs: estabiliza referencias de producción funcional,416,2,2,merged_exact_tip,494,https://github.com/nachosanchezperez-ux/base-cofrade/pull/494,candidate_for_authorized_cleanup,deleted
docs/estado-operativo-post-hermandades-20260823,6b9b5f308f822e63f7a4708b355837d51b6b1c00,2026-08-23T16:52:54+02:00,Compacta el estado operativo tras cerrar Hermandades,972,1,1,closed_unmerged_exact_tip,259,https://github.com/nachosanchezperez-ux/base-cofrade/pull/259,preserve_unique_work,preserved
docs/estado-y-decisiones-hc-20260823,570ae9c101786e3daf10ef91a63f88e6531a0677,2026-08-23T20:56:08+02:00,Formaliza HC-007 enlaces externos,930,6,6,no_pr,,,preserve_unique_work,preserved
docs/hc-011-patrimonio-musical-relacional,e876f76039190747481c220dbb04fd38d93957aa,2026-08-21T17:12:10+02:00,Añade casos de validación a HC-011,1300,2,2,closed_unmerged_exact_tip,122,https://github.com/nachosanchezperez-ux/base-cofrade/pull/122,preserve_unique_work,preserved
docs/prioriza-salud-grafo-20260823,b251289c3b5d5f4c5c20bb64301c4bcc7190fde5,2026-08-24T01:53:40+02:00,Prioriza la primera cola de Salud del grafo,897,1,1,closed_unmerged_exact_tip,310,https://github.com/nachosanchezperez-ux/base-cofrade/pull/310,preserve_unique_work,preserved
docs/protocolo-media-abierta-20260824,abf67dca39efd145f7809b98ce941a65aaecaa88,2026-08-24T02:16:37+02:00,Documenta el protocolo editorial de media abierta y Wikimedia,895,1,1,closed_unmerged_exact_tip,314,https://github.com/nachosanchezperez-ux/base-cofrade/pull/314,preserve_unique_work,preserved
docs/sincroniza-decisiones-hc-20260824,48a55d015ccf6d170b517b9890877cd8e7d286d3,2026-08-24T02:26:27+02:00,Corrige la revisión de decisiones frente al registro real,895,3,3,closed_unmerged_exact_tip,315,https://github.com/nachosanchezperez-ux/base-cofrade/pull/315,preserve_unique_work,preserved
docs/sincroniza-lote-bandas-20260902,fc26a4368ec486545f62ce497294abc1e9e14c4e,2026-09-02T09:02:12+02:00,Actualiza el cierre tras el avance concurrente de main,381,2,2,merged_exact_tip,526,https://github.com/nachosanchezperez-ux/base-cofrade/pull/526,candidate_for_authorized_cleanup,deleted
editorial/centuria-certificacion,603cc7d6e65045a59d1f1df5a6b4d5ff032d1f56,2026-09-02T13:52:34+02:00,Añade pruebas de certificación de Centuria,362,2,2,merged_exact_tip,545,https://github.com/nachosanchezperez-ux/base-cofrade/pull/545,candidate_for_authorized_cleanup,deleted
editorial/centuria-cierre-produccion,290d216e197de6d2afa3f38d09702d5b2d080e61,2026-09-02T13:58:48+02:00,Protege las posiciones de la Centuria en la Madrugá,360,2,2,merged_exact_tip,547,https://github.com/nachosanchezperez-ux/base-cofrade/pull/547,candidate_for_authorized_cleanup,deleted
editorial/corrige-colores-virgen-reyes,ebb24b7ca55c243b1b23d5fb237be6cb05ebc330,2026-09-02T10:47:28+02:00,Corrige los colores de Virgen de los Reyes,376,1,1,no_pr,,,preserve_unique_work,preserved
editorial/macarena-jesus-despojado-20260902,e2441e94dae1519a396657176bc67f036178a766,2026-09-02T14:01:37+02:00,Añade 20260902115551_restaura_cruz_guia_juvenil_macarena.sql,359,3,3,merged_exact_tip,549,https://github.com/nachosanchezperez-ux/base-cofrade/pull/549,candidate_for_authorized_cleanup,deleted
editorial/normaliza-historicos-bandas,32d019810312e2c8ffb10c91a89f3571045e1235,2026-09-02T11:05:39+02:00,Reconcilia la migración editorial aplicada,374,2,2,merged_exact_tip,533,https://github.com/nachosanchezperez-ux/base-cofrade/pull/533,candidate_for_authorized_cleanup,deleted
editorial/redencion-certificacion,92274197fdf71e73f2475e8768f800f898a8097c,2026-09-02T13:18:54+02:00,Cubre el cierre documental de Redención,365,2,2,merged_exact_tip,542,https://github.com/nachosanchezperez-ux/base-cofrade/pull/542,candidate_for_authorized_cleanup,deleted
editorial/tres-caidas-documental-20260902,e8ed9611560f7e450e677f7ef1142ebc13f927d5,2026-09-02T12:50:14+02:00,Ajusta la prueba al modelo de canales congelado,368,2,2,merged_exact_tip,539,https://github.com/nachosanchezperez-ux/base-cofrade/pull/539,candidate_for_authorized_cleanup,deleted
editorial/unifica-bambalinas-padre-pio,d0c1871161fa94611eef70c96096d6ae4562bdbb,2026-09-02T08:55:59+02:00,Reconciliación con main y orden de migraciones,381,2,1,merged_exact_tip,525,https://github.com/nachosanchezperez-ux/base-cofrade/pull/525,candidate_for_authorized_cleanup,deleted
editorial/virgen-reyes-redencion-20260902,1f8f516f69e87bdfe423a8e0ba82db350bbff991,2026-09-02T08:53:37+02:00,Retira la version local anterior a la aplicacion,382,3,2,merged_exact_tip,524,https://github.com/nachosanchezperez-ux/base-cofrade/pull/524,candidate_for_authorized_cleanup,deleted
feat/bandas-escudo-protagonista,33ef3ceff9ab9261e256a68395198b457e671251,2026-09-06T00:35:35+02:00,Actualiza el contrato del hero de Bandas al escudo protagonista,102,3,3,merged_exact_tip,649,https://github.com/nachosanchezperez-ux/base-cofrade/pull/649,candidate_for_authorized_cleanup,deleted
feat/borradores-hermandades-publicacion,2dd53e4ec7ef72f72fee7931fac10631cc441b05,2026-09-05T23:30:18+02:00,Aclara la edición de Hermandades en borrador,129,4,4,merged_exact_tip,639,https://github.com/nachosanchezperez-ux/base-cofrade/pull/639,candidate_for_authorized_cleanup,deleted
feat/buscador-global-hilo-20260824,67e90550df336e876a08845c751b105c45c5bfed,2026-08-24T15:33:57+02:00,Protege el contrato del buscador universal,858,7,7,merged_exact_tip,334,https://github.com/nachosanchezperez-ux/base-cofrade/pull/334,candidate_for_authorized_cleanup,deleted
feat/carteles-fiestas-hermandades,8287e5d43b7be6822576c48446c74367572e45cd,2026-08-21T13:16:38+02:00,Restaura la hoja de estilos completa,1308,2,2,merged_exact_tip,114,https://github.com/nachosanchezperez-ux/base-cofrade/pull/114,candidate_for_authorized_cleanup,deleted
feat/directorio-unificado-20260823,250d97ab952bc5b840643d5769306767ba0d38d0,2026-08-23T12:19:47+02:00,Reconcilia Directorio sin reintroducir cambios superados,988,19,18,merged_exact_tip,242,https://github.com/nachosanchezperez-ux/base-cofrade/pull/242,candidate_for_authorized_cleanup,deleted
feat/directorios-relacionales-coherentes,4500543574e583d2a29e562791ad686d0e55a1db,2026-08-21T18:40:56+02:00,Carga ajustes de logotipos en Bandas,1299,2,2,merged_pr_branch_moved,124,https://github.com/nachosanchezperez-ux/base-cofrade/pull/124,preserve_unique_work,preserved
feat/escudos-directorio-sin-marco-20260825,7bd596103b4e83dc991efe6d381fec5a28720146,2026-08-25T13:46:11+02:00,Reconciliar #346 con main actual,816,21,19,merged_exact_tip,346,https://github.com/nachosanchezperez-ux/base-cofrade/pull/346,candidate_for_authorized_cleanup,deleted
feat/hc-hero-system,76a9d43725bd933fe4cdc4d25180cb55bfa44241,2026-08-21T16:44:30+02:00,Sincroniza y convierte las portadas en una interfaz editorial de producto,1303,3,2,closed_unmerged_exact_tip,109,https://github.com/nachosanchezperez-ux/base-cofrade/pull/109,preserve_unique_work,preserved
feat/hermandades-hero-v2-baratillo-preview-20260824,27aa92b592de9c21f5e504bb60757c8a1ee90119,2026-08-24T15:26:23+02:00,Alinea la Hero V2 con la tipografía canónica de Hilo,858,12,12,closed_unmerged_exact_tip,332,https://github.com/nachosanchezperez-ux/base-cofrade/pull/332,preserve_unique_work,preserved
feat/hermandades-programa-mano-v2-20260825,ed1feb3f937f309317f971343d887049c2cfbe02,2026-08-25T21:24:24+02:00,Reconciliar #342 con main tras recuperar previews,813,27,24,merged_exact_tip,342,https://github.com/nachosanchezperez-ux/base-cofrade/pull/342,candidate_for_authorized_cleanup,deleted
feat/home-hoy-desktop-editorial-20260824,36d765e73f329f1afa95bea39a144d76c5e59313,2026-08-24T12:01:36+02:00,Añade regresión para la jerarquía editorial de Hoy en escritorio,883,4,4,merged_exact_tip,326,https://github.com/nachosanchezperez-ux/base-cofrade/pull/326,candidate_for_authorized_cleanup,deleted
feat/imagenes-portada-ficha-20260824,42e8d9fce5ce5ede02dc1a5cea8c35d5b2abd1eb,2026-08-25T11:25:56+02:00,Reconcile #337 with current main before production,820,27,24,merged_exact_tip,337,https://github.com/nachosanchezperez-ux/base-cofrade/pull/337,candidate_for_authorized_cleanup,deleted
feat/la-cena-stats-corpus,0a292c94401ad4acaaedda550a2aead4fac8d468,2026-08-20T20:10:12+02:00,feat(hermandades): show cortejo in key data,1351,4,4,merged_exact_tip,81,https://github.com/nachosanchezperez-ux/base-cofrade/pull/81,candidate_for_authorized_cleanup,deleted
feat/panel-extraordinarias-legibilidad,e91c01bf0fe4595109ccba0d27d94bac3be9d11e,2026-09-05T22:58:22+02:00,Refina la jerarquía visual del directorio de extraordinarias,137,2,2,merged_exact_tip,636,https://github.com/nachosanchezperez-ux/base-cofrade/pull/636,candidate_for_authorized_cleanup,deleted
feat/panel-inicio-todos-modulos-20260825,3efb35ad9af1e7eb5214c86ed6a1ae09087f7800,2026-08-26T10:35:48+02:00,Reconciliar #353 con main tras #360,796,26,23,merged_exact_tip,353,https://github.com/nachosanchezperez-ux/base-cofrade/pull/353,candidate_for_authorized_cleanup,deleted
feat/panel-movil-operacion-real-20260824,e795802f190eda95659910dd308bb1615cc74ad7,2026-08-24T20:20:03+02:00,Merge main into Panel móvil · cierre de smoke real,854,16,13,merged_exact_tip,323,https://github.com/nachosanchezperez-ux/base-cofrade/pull/323,candidate_for_authorized_cleanup,deleted
feat/panel-paridad-creacion-20260827,2b56c6f71f3574a778b1df41aabc1d8a01c69428,2026-08-27T08:59:33+02:00,Actualiza la barrera de la paleta a la fuente canónica,757,20,19,closed_unmerged_exact_tip,383,https://github.com/nachosanchezperez-ux/base-cofrade/pull/383,preserve_unique_work,preserved
feat/panel-portadas-entidades,a3ab9428d8317ac9fe3fcafa445ee16b923f1da7,2026-08-22T02:58:03+02:00,Sincroniza portadas de Imágenes con main actual,1209,1,1,closed_unmerged_exact_tip,137,https://github.com/nachosanchezperez-ux/base-cofrade/pull/137,preserve_unique_work,preserved
feat/panel-recuperar-contrasena,344caf10dd78fbf8d01107a511fa29fbac9cb5b8,2026-08-22T01:33:21+02:00,Evita enumeración de cuentas en recuperación,1245,12,12,merged_exact_tip,140,https://github.com/nachosanchezperez-ux/base-cofrade/pull/140,candidate_for_authorized_cleanup,deleted
feat/pastora-escudo-bandas,395a5d0b4e6602f1efb69a079f6ad24a6c181016,2026-08-21T11:18:03+02:00,Añade el escudo de la Pastora de Cantillana,1316,2,2,merged_exact_tip,107,https://github.com/nachosanchezperez-ux/base-cofrade/pull/107,candidate_for_authorized_cleanup,deleted
feat/pastora-ficha-visual-20260824,a5591231256235a53282c323219fafe846c5ae1c,2026-08-24T02:29:24+02:00,Protege el contrato de subida rápida y cult_media,897,24,24,merged_exact_tip,312,https://github.com/nachosanchezperez-ux/base-cofrade/pull/312,candidate_for_authorized_cleanup,deleted
feat/pastora-guia-retransmision-20260824,75efa20fbdabde4cbae6f11e155f41272c404da7,2026-08-24T01:49:44+02:00,Amplía la regresión de la ficha televisiva,897,9,9,merged_exact_tip,309,https://github.com/nachosanchezperez-ux/base-cofrade/pull/309,candidate_for_authorized_cleanup,deleted
feat/pastora-simpecados-musica-20260824,f01af97f49c84e90208632372ecfa3ce926f07c9,2026-08-24T02:22:16+02:00,Reconciliación #313 con main y media abierta,895,15,14,merged_exact_tip,313,https://github.com/nachosanchezperez-ux/base-cofrade/pull/313,candidate_for_authorized_cleanup,deleted
feat/patrimonio-musical-baratillo,4363363aa5ae7e9a12136bca26ea050e9a51ed72,2026-08-21T10:33:57+02:00,Hace descubrible el patrimonio musical en la navegación,1322,6,5,merged_exact_tip,103,https://github.com/nachosanchezperez-ux/base-cofrade/pull/103,candidate_for_authorized_cleanup,deleted
feat/patrimonio-musical-carmen-baratillo,393cec24d78f50be8f29a238db2a4c147e2403ed,2026-08-21T11:27:53+02:00,Da contexto visual a la banda de palio,1315,3,3,merged_exact_tip,108,https://github.com/nachosanchezperez-ux/base-cofrade/pull/108,candidate_for_authorized_cleanup,deleted
feat/patrimonio-musical-san-benito,1d4d4b4cbed67811617d3b8736e9dec166bfe20a,2026-08-21T16:40:56+02:00,Registra enlaces seguros con discografías,1304,5,5,merged_exact_tip,120,https://github.com/nachosanchezperez-ux/base-cofrade/pull/120,candidate_for_authorized_cleanup,deleted
feat/portada-subida-directa-cabecera,5009ad79d74c6e8f78c63a03e724edf69ceb58c0,2026-09-04T01:26:08+02:00,Blinda la subida directa de portada,242,4,4,merged_exact_tip,586,https://github.com/nachosanchezperez-ux/base-cofrade/pull/586,candidate_for_authorized_cleanup,deleted
feat/procession-route-viewer-20260825-v2,fed2132cd17a6b6dc235e4ffc57db7a3f6e263ab,2026-08-25T13:27:39+02:00,Reconstruir #345 sobre main sin perder Hero V2,818,30,28,merged_exact_tip,345,https://github.com/nachosanchezperez-ux/base-cofrade/pull/345,candidate_for_authorized_cleanup,deleted
feat/public-client-brotherhood-page-phase-a,534a203900b682c73beff90b04bcd4a98853e391,2026-08-23T13:04:08+02:00,Documenta autoridad pública de Hermandades,985,2,2,merged_exact_tip,214,https://github.com/nachosanchezperez-ux/base-cofrade/pull/214,candidate_for_authorized_cleanup,deleted
feat/public-client-entity-pages-phase-a,3129d28c8050426c74a698b74fc907540cc5b5b8,2026-08-22T15:04:17+02:00,Documenta la migración segura de Imagen y Paso,1164,2,2,merged_exact_tip,199,https://github.com/nachosanchezperez-ux/base-cofrade/pull/199,candidate_for_authorized_cleanup,deleted
feat/san-benito-capilla-coplas,172cba8bcc1dda5d49bbe82d25ae65f2b8afb53b,2026-08-21T19:06:48+02:00,Versiona capilla y coplas de San Benito,1287,3,3,merged_exact_tip,128,https://github.com/nachosanchezperez-ux/base-cofrade/pull/128,candidate_for_authorized_cleanup,deleted
feat/segmenta-patrimonio-musical-estilos-20260824,fcdaa541fec53b9af66a8b92dc9d6d1ebd8468f1,2026-08-24T15:32:17+02:00,Protege la segmentación del patrimonio musical,858,3,3,merged_exact_tip,333,https://github.com/nachosanchezperez-ux/base-cofrade/pull/333,candidate_for_authorized_cleanup,deleted
feat/seo-tecnico-metadata-20260822,722a9f0cf927224418913f39f5f1b4e95b0335b3,2026-08-22T02:00:18+02:00,Añade metadata social a Colabora,1229,5,5,merged_exact_tip,148,https://github.com/nachosanchezperez-ux/base-cofrade/pull/148,candidate_for_authorized_cleanup,deleted
feat/supabase-public-client-band-detail,29bdcdb2d7438480e23c80bc48defab791d3154f,2026-08-22T10:54:12+02:00,Documenta auditoría RLS de la ficha de Banda,1204,2,2,merged_exact_tip,169,https://github.com/nachosanchezperez-ux/base-cofrade/pull/169,candidate_for_authorized_cleanup,deleted
feat/supabase-public-client-phase-a,7ba00ac957ab694bce8d6c9bbeb37f5301a138cc,2026-08-22T02:41:40+02:00,Sincroniza Fase A con main,1215,6,5,merged_exact_tip,152,https://github.com/nachosanchezperez-ux/base-cofrade/pull/152,candidate_for_authorized_cleanup,deleted
feat/via-crucis-cofradias-module,3245cf4e6528eb0e617769317a7cc7841257099a,2026-09-04T16:19:56+02:00,Blinda el módulo relacional de Vía Crucis institucional,218,5,5,merged_exact_tip,594,https://github.com/nachosanchezperez-ux/base-cofrade/pull/594,candidate_for_authorized_cleanup,deleted
feat/wikimedia-media-attribution-20260823,e86e906e2ce377f4025d8f61729dede709ac36d4,2026-08-23T22:16:12+02:00,Añade regresión para licencias y créditos de media,928,5,5,merged_exact_tip,282,https://github.com/nachosanchezperez-ux/base-cofrade/pull/282,candidate_for_authorized_cleanup,deleted
fix/agentes-public-authority-20260823,32cf23a95fba59400118bb15d9a12149fcffa8c6,2026-08-23T23:23:46+02:00,test(agents): guard final public relation hardening,922,6,6,merged_pr_branch_moved,287,https://github.com/nachosanchezperez-ux/base-cofrade/pull/287,preserve_unique_work,preserved
fix/agentes-public-authority-reconcile-20260823,c2ebea194bb5e7d838e0a5cdb5e35326b330bad0,2026-08-23T23:25:43+02:00,test(agents): guard final public relation hardening,921,2,2,closed_unmerged_exact_tip,290,https://github.com/nachosanchezperez-ux/base-cofrade/pull/290,preserve_unique_work,preserved
fix/audita-ficha-la-paz,47533688bdc1e9c953ae63735ab0690966c6b7ff,2026-09-04T16:47:50+02:00,Blinda la regresión de contraste del hábito,216,2,2,merged_exact_tip,596,https://github.com/nachosanchezperez-ux/base-cofrade/pull/596,candidate_for_authorized_cleanup,deleted
fix/band-nav-palette-20260831,36e76afab484ce9568cd6ada6a4e9dfc5a5dbc3d,2026-08-31T17:18:45+02:00,test: blinda la paleta del menu de bandas,465,2,2,merged_exact_tip,463,https://github.com/nachosanchezperez-ux/base-cofrade/pull/463,candidate_for_authorized_cleanup,deleted
fix/band-social-link-duplicate-20260827,9fd399646d8d7889909cd214e99ae340c137afd5,2026-08-27T08:03:31+02:00,Añade regresión para enlaces duplicados,762,2,2,merged_exact_tip,379,https://github.com/nachosanchezperez-ux/base-cofrade/pull/379,candidate_for_authorized_cleanup,deleted
fix/bandas-clasifica-salidas-20260828,8d2309b44d7f7c1fdc5add2daaaa62505f023072,2026-08-28T08:44:21+02:00,Adapta la paridad al cargador público dividido de Bandas,677,2,2,merged_exact_tip,402,https://github.com/nachosanchezperez-ux/base-cofrade/pull/402,candidate_for_authorized_cleanup,deleted
fix/bandas-directorio-escudos-normalizados,5494a90868dac185f14cf453e7a6e201f2f5cf2b,2026-09-06T01:26:25+02:00,Afina la regresión para detectar excepciones por slug,99,4,4,merged_exact_tip,652,https://github.com/nachosanchezperez-ux/base-cofrade/pull/652,candidate_for_authorized_cleanup,deleted
fix/bandas-logos-puebla-tejera-sin-fondo,db45b024c2173534bf391dc1f3dc96b3e1e3880a,2026-08-21T18:58:04+02:00,Usa versiones transparentes de La Puebla y Tejera,1297,4,4,merged_exact_tip,125,https://github.com/nachosanchezperez-ux/base-cofrade/pull/125,candidate_for_authorized_cleanup,deleted
fix/buscador-global-portal-20260824,2f8cec76b0b5cd746082a19f8161cc902befa692,2026-08-24T17:06:46+02:00,Añade barrera para montar el buscador fuera de la cabecera,855,2,2,merged_exact_tip,336,https://github.com/nachosanchezperez-ux/base-cofrade/pull/336,candidate_for_authorized_cleanup,deleted
fix/cierra-smoke-estructura-publica-20260824,d6867a7cf7e3df1e8bda684e3bd9e94899c22475,2026-08-24T00:37:35+02:00,Activa la corrección del smoke desde la PR,916,2,2,closed_pr_branch_moved,297,https://github.com/nachosanchezperez-ux/base-cofrade/pull/297,preserve_unique_work,preserved
fix/cigarreras-banda-musica-acompanamientos,69ac4b920691c6e1a1eb4ffaa472fae97c1af92a,2026-09-06T12:00:58+02:00,Protege la asignación de Sastres y la Luz a la Banda de Música,92,2,2,merged_exact_tip,660,https://github.com/nachosanchezperez-ux/base-cofrade/pull/660,candidate_for_authorized_cleanup,deleted
fix/cultos-calendario-neutro,b2c6469a283f7f603a14ff719a15bb6261fe34aa,2026-09-04T03:14:26+02:00,Blinda la base neutra del calendario de Cultos,240,2,2,merged_exact_tip,588,https://github.com/nachosanchezperez-ux/base-cofrade/pull/588,candidate_for_authorized_cleanup,deleted
fix/directorios-imagenes-pasos-mobile,d3d5d3958b9646c984cbd74d8d4b28e5015c152e,2026-08-23T20:18:29+02:00,Protege el responsive de directorios relacionales,939,2,2,closed_unmerged_exact_tip,275,https://github.com/nachosanchezperez-ux/base-cofrade/pull/275,preserve_unique_work,preserved
fix/directorios-imagenes-pasos-mobile-final,e119ce1da63fa66bd171e600d4eadfe2aa919c21,2026-08-23T20:22:19+02:00,Protege el responsive de directorios relacionales,936,2,2,merged_exact_tip,277,https://github.com/nachosanchezperez-ux/base-cofrade/pull/277,candidate_for_authorized_cleanup,deleted
fix/final-qa-overflow-20260826,e7949f1dc92aa8918888bf8a7a3868768e0c0724,2026-08-27T00:14:52+02:00,Cierre QA: ajustar URLs largas en acciones,785,9,9,merged_exact_tip,371,https://github.com/nachosanchezperez-ux/base-cofrade/pull/371,candidate_for_authorized_cleanup,deleted
fix/fotos-salidas-ficha-publica,e4dec9a75f7d74ffc5c0c8f4c2b616aea1c1087a,2026-09-04T01:47:11+02:00,Blinda la paridad de imágenes entre Salidas y ficha pública,241,3,3,merged_exact_tip,587,https://github.com/nachosanchezperez-ux/base-cofrade/pull/587,candidate_for_authorized_cleanup,deleted
fix/glorias-bandas-visual-20260829,103ce068e3a0937207ca32ffecc2079a1917cbe6,2026-08-29T23:50:31+02:00,Bandas: protege la vista compacta de Glorias,639,5,5,merged_exact_tip,417,https://github.com/nachosanchezperez-ux/base-cofrade/pull/417,candidate_for_authorized_cleanup,deleted
fix/glorias-paleta-hilo-20260826,0eb886f4279c2200015854a046606801d8dd3f78,2026-08-26T00:35:27+02:00,Protege la paleta visual de Procesiones de Gloria,801,4,4,merged_exact_tip,357,https://github.com/nachosanchezperez-ux/base-cofrade/pull/357,candidate_for_authorized_cleanup,deleted
fix/glorias-textos-editoriales-20260826,ee5434f946a6d12ea7d0df8781ce41ca6090feb6,2026-08-26T10:29:41+02:00,Ajusta el histórico sin dar por celebradas fechas pasadas,797,8,8,merged_exact_tip,360,https://github.com/nachosanchezperez-ux/base-cofrade/pull/360,candidate_for_authorized_cleanup,deleted
fix/glorias-titulos-editoriales-20260828,4445ec0ecaf774de2acc966d918c641784aeea6c,2026-08-28T23:09:01+02:00,Glorias · protege títulos públicos sin redundancias,665,5,5,merged_exact_tip,405,https://github.com/nachosanchezperez-ux/base-cofrade/pull/405,candidate_for_authorized_cleanup,deleted
fix/glory-broken-image-assets-20260901,c3b75d1d200169509beb3834265770393e890ccd,2026-09-01T01:04:11+02:00,Glorias · repara fotografías WebP truncadas,430,1,1,no_pr,,,preserve_unique_work,preserved
fix/glory-directory-photos-20260831,88acfefa1b6bf1a5c3c840a7dccf118af425bb2c,2026-08-31T23:58:55+02:00,Procesiones de Gloria: incorpora fotos de Santa Marina y Guadalupe,436,4,4,merged_exact_tip,477,https://github.com/nachosanchezperez-ux/base-cofrade/pull/477,candidate_for_authorized_cleanup,deleted
fix/glory-local-hero-ios-20260829,74b3d8f9e9aae4b034a41f720d343dce172650b9,2026-08-29T23:59:04+02:00,Glorias: protege portadas locales en móvil,638,2,2,merged_exact_tip,418,https://github.com/nachosanchezperez-ux/base-cofrade/pull/418,candidate_for_authorized_cleanup,deleted
fix/glory-music-position-visibility-20260831,0a5a78ea8d9539c0bc7c159d43c984d3069980e5,2026-08-31T16:52:14+02:00,Test: protege posiciones musicales de Glorias,470,2,2,merged_exact_tip,459,https://github.com/nachosanchezperez-ux/base-cofrade/pull/459,candidate_for_authorized_cleanup,deleted
fix/gran-poder-relaciones-ficha,380f06a90c7317d760a86d50e35248382dbc98e5,2026-08-22T16:52:41+02:00,Muestra todas las imágenes que procesionan en cada paso,1101,2,2,no_pr,,,preserve_unique_work,preserved
fix/gran-poder-relaciones-ficha-v2,7ba3a95de71b13196c67fbc4f1b4c6bb09d26a63,2026-08-22T17:02:12+02:00,Cubre relaciones canónicas en la ficha de Hermandad,1093,5,5,merged_exact_tip,215,https://github.com/nachosanchezperez-ux/base-cofrade/pull/215,candidate_for_authorized_cleanup,deleted
fix/header-brand-presence,93b821c00788a015a8abcc3e92bb3eaab50356a4,2026-08-31T21:18:58+02:00,Blinda la presencia visual del logo de cabecera,450,4,4,merged_exact_tip,473,https://github.com/nachosanchezperez-ux/base-cofrade/pull/473,candidate_for_authorized_cleanup,deleted
fix/hermandad-media-gestion-local-20260831,3d1aedb215ee37a5f01d074c154600367c9a530d,2026-08-31T21:45:36+02:00,Evita truncar títulos multimedia en móvil,449,13,12,merged_pr_branch_moved,471,https://github.com/nachosanchezperez-ux/base-cofrade/pull/471,preserve_unique_work,preserved
fix/hermandades-musica-compacta,d89ff5054f306327e569431163e84701c6094acc,2026-08-22T01:37:13+02:00,Compacta el resumen de patrimonio musical,1257,5,5,closed_unmerged_exact_tip,138,https://github.com/nachosanchezperez-ux/base-cofrade/pull/138,preserve_unique_work,preserved
fix/hermandades-musica-compacta-main,d89ff5054f306327e569431163e84701c6094acc,2026-08-22T01:37:13+02:00,Compacta el resumen de patrimonio musical,1257,5,5,no_pr,,,preserve_unique_work,preserved
fix/hermandades-public-authority-20260823,652887819b90a912f453cd60e783b2366a45b621,2026-08-23T16:36:11+02:00,Blinda la frontera pública de Hermandades,975,5,4,merged_exact_tip,256,https://github.com/nachosanchezperez-ux/base-cofrade/pull/256,candidate_for_authorized_cleanup,deleted
fix/hermandades-sede-visita-balance-v2,b257a6757213859ba863ca8fccac151a02beba8e,2026-09-04T01:01:33+02:00,Evita forzar altura en tarjetas equilibradas,250,4,4,merged_exact_tip,583,https://github.com/nachosanchezperez-ux/base-cofrade/pull/583,candidate_for_authorized_cleanup,deleted
fix/home-cerro-image,4ad92482e2e61e3ab012e9f49bce3a01c6cb5281,2026-09-05T17:43:14+02:00,Retira tercer marcador accidental,140,10,9,closed_unmerged_exact_tip,634,https://github.com/nachosanchezperez-ux/base-cofrade/pull/634,preserve_unique_work,preserved
fix/home-featured-completeness-20260826,39f20c07353e95243711edd356dcb4dce24ef97d,2026-08-26T18:33:11+02:00,Home: evita destacar fichas sin relaciones,789,3,3,merged_exact_tip,367,https://github.com/nachosanchezperez-ux/base-cofrade/pull/367,candidate_for_authorized_cleanup,deleted
fix/home-hoy-desktop-balance-20260824,59bfc31f7ccd07306ba6b28af84e6207accfaad5,2026-08-24T12:45:30+02:00,Retira tercer archivo temporal accidental,859,8,8,merged_exact_tip,331,https://github.com/nachosanchezperez-ux/base-cofrade/pull/331,candidate_for_authorized_cleanup,deleted
fix/home-mobile-density-20260823,120e6eeef81f6aae998415b0bc183b2512991216,2026-08-23T22:36:04+02:00,Amplía la regresión de densidad móvil en Home,925,4,4,merged_exact_tip,285,https://github.com/nachosanchezperez-ux/base-cofrade/pull/285,candidate_for_authorized_cleanup,deleted
fix/home-mobile-modules-20260823,3ba106f54a6971597f2dbc05994d5fb89133a917,2026-08-23T22:18:34+02:00,Añade regresión del contrato móvil de Home,928,3,3,no_pr,,,preserve_unique_work,preserved
fix/home-mobile-modules-20260823-v2,c3c8246d09faf95c1adab7b255fb41065ba20e6a,2026-08-23T22:21:12+02:00,Añade regresión del contrato móvil de Home,927,3,3,merged_exact_tip,283,https://github.com/nachosanchezperez-ux/base-cofrade/pull/283,candidate_for_authorized_cleanup,deleted
fix/importer-conflict-target-preflight,700a3667b06ce7c3bff12ac3412a427a08e556ad,2026-09-07T21:14:43+02:00,Protege on_conflict contra columnas no únicas,43,2,2,merged_exact_tip,698,https://github.com/nachosanchezperez-ux/base-cofrade/pull/698,candidate_for_authorized_cleanup,deleted
fix/la-paz-contraste-fuentes,b6de587e9cb2d8a94bb3cf733e82ef68d13b8247,2026-09-04T16:32:55+02:00,Actualiza la regresión de Información práctica tras el Vía Crucis,217,5,5,merged_exact_tip,595,https://github.com/nachosanchezperez-ux/base-cofrade/pull/595,candidate_for_authorized_cleanup,deleted
fix/maestro-tejera-presentacion-glorias,7549fe9ce8e79f4e062da3ea4e56f9a87090d008,2026-08-21T10:42:49+02:00,Reconcila la corrección visual de Maestro Tejera,1318,2,2,merged_exact_tip,105,https://github.com/nachosanchezperez-ux/base-cofrade/pull/105,candidate_for_authorized_cleanup,deleted
fix/marca-mobile-header-footer,dca39bfd6797bfad76cd8a8e9e4f7e182a25a1b1,2026-08-31T21:08:12+02:00,Blinda la composición móvil de la marca,451,3,3,merged_exact_tip,472,https://github.com/nachosanchezperez-ux/base-cofrade/pull/472,candidate_for_authorized_cleanup,deleted
fix/mobile-hero-full-official-name,87103e6df74d17af78f7f516210e1c9e905d92fa,2026-09-04T22:52:22+02:00,Blinda el nombre oficial completo en móvil,199,2,2,merged_exact_tip,604,https://github.com/nachosanchezperez-ux/base-cofrade/pull/604,candidate_for_authorized_cleanup,deleted
fix/normaliza-rutas-habitos-20260824,30971cb8c12a1b4f70d7e19fcd1d9d1e236dc1af,2026-08-24T01:21:41+02:00,Elimina el archivo vacío accidental,914,9,9,merged_exact_tip,304,https://github.com/nachosanchezperez-ux/base-cofrade/pull/304,candidate_for_authorized_cleanup,deleted
fix/panel-escudos-listado,4c5dc6f6a1a5cf1f5d2ae0c369325be66c27ba3c,2026-09-07T08:24:12+02:00,Limpia la geometría común de marcas del Panel,59,8,8,merged_exact_tip,683,https://github.com/nachosanchezperez-ux/base-cofrade/pull/683,candidate_for_authorized_cleanup,deleted
fix/panel-mobile-legacy-media-20260824,169fc4be677e057ed8b869fc2087fc211072addc,2026-08-24T01:18:21+02:00,Protege la migración visible de imágenes patrimoniales antiguas,913,2,2,merged_exact_tip,303,https://github.com/nachosanchezperez-ux/base-cofrade/pull/303,candidate_for_authorized_cleanup,deleted
fix/panel-outing-step-participants,6a1a477f38ebe37b52348194a3dbeb1fecb0f2c6,2026-09-07T20:33:53+02:00,Protege el contrato de participantes de Salidas,48,3,3,merged_exact_tip,696,https://github.com/nachosanchezperez-ux/base-cofrade/pull/696,candidate_for_authorized_cleanup,deleted
fix/pastora-cantillana-webp-validos,75c644ee4917916621750d0f728575378c3f75fb,2026-08-21T17:36:22Z,Corrige WebP de la Divina Pastora de Cantillana,1286,7,7,merged_exact_tip,130,https://github.com/nachosanchezperez-ux/base-cofrade/pull/130,candidate_for_authorized_cleanup,deleted
fix/pastora-escudo-transparente,b43b5a87d9528e53f4d98ec267be6379e563392a,2026-08-21T12:01:21+02:00,fix: añade el escudo sin fondo de la Pastora,1314,2,2,merged_exact_tip,110,https://github.com/nachosanchezperez-ux/base-cofrade/pull/110,candidate_for_authorized_cleanup,deleted
fix/pastora-migration-version,5d1a439613d73b29f6c2acc1b62ed65f20c966f3,2026-08-21T10:33:03+02:00,Retira la versión desalineada de la migración,1321,2,2,merged_exact_tip,102,https://github.com/nachosanchezperez-ux/base-cofrade/pull/102,candidate_for_authorized_cleanup,deleted
fix/patrimonio-musical-orden-compacto,76e409a095d04c78f08764faa3bbdd2ffcec126c,2026-08-21T12:02:32+02:00,Ordena acompañamiento y patrimonio musical,1314,4,4,merged_exact_tip,111,https://github.com/nachosanchezperez-ux/base-cofrade/pull/111,candidate_for_authorized_cleanup,deleted
fix/piedad-photo-layer,ea05a721772776e4405128fcc352c92d2699ac8c,2026-08-21T01:44:44+02:00,Asegura la visibilidad de la foto de La Piedad,1326,1,1,no_pr,,,preserve_unique_work,preserved
fix/piedad-photo-relational,26b71d11c4e92227b2d345e48033378d5b9ca110,2026-08-21T01:47:17+02:00,Asegura la fotografía de La Piedad en el resumen,1324,2,2,merged_exact_tip,99,https://github.com/nachosanchezperez-ux/base-cofrade/pull/99,candidate_for_authorized_cleanup,deleted
fix/privacy-search-logs-20260827,fe48355e502505b252e45a44b3127cd592e9cba9,2026-08-27T02:38:52+02:00,Añade regresión de privacidad del autocompletado,764,2,2,merged_exact_tip,377,https://github.com/nachosanchezperez-ux/base-cofrade/pull/377,candidate_for_authorized_cleanup,deleted
fix/relation-sources-pagination,573882899a004a683c79cbcea4036fb61581b91a,2026-09-07T21:26:19+02:00,Protege la paginación de Fuentes relacionales,42,2,2,merged_exact_tip,699,https://github.com/nachosanchezperez-ux/base-cofrade/pull/699,candidate_for_authorized_cleanup,deleted
fix/salidas-negritos-sin-duplicados,7cf5734147cbae3b2936e00bf034ce797679bec5,2026-09-07T02:24:59+02:00,Publica la participación del Vía Crucis de Los Negritos,61,4,4,merged_exact_tip,681,https://github.com/nachosanchezperez-ux/base-cofrade/pull/681,candidate_for_authorized_cleanup,deleted
fix/sede-estacion-negritos-mobile,48a3457a37225888b13b79fe3bc4bab11ccade1f,2026-09-07T07:04:36+02:00,Corrige test/brotherhood-outing-series-deduplication.test.mjs,60,7,7,merged_exact_tip,682,https://github.com/nachosanchezperez-ux/base-cofrade/pull/682,candidate_for_authorized_cleanup,deleted
fix/seo-crew-description-20260831,f683d5d8b786c710af96d6c1c383024d2dc97fe0,2026-08-31T15:13:07+02:00,Normaliza la canonical de la raíz en el smoke SEO,477,3,3,merged_exact_tip,454,https://github.com/nachosanchezperez-ux/base-cofrade/pull/454,candidate_for_authorized_cleanup,deleted
fix/seo-directory-classification-20260824,a28b806e701b096092d2c090b7205f0235798bb7,2026-08-24T02:32:34+02:00,Protege la clasificación real de las rutas SEO,892,2,2,merged_exact_tip,319,https://github.com/nachosanchezperez-ux/base-cofrade/pull/319,candidate_for_authorized_cleanup,deleted
fix/seo-p0-events-smoke-20260831,ae4c9d00c128d20929ea93527d14a0ffd05199c5,2026-08-31T15:03:10+02:00,Alinea el test con el título SEO calculado,478,10,10,merged_exact_tip,453,https://github.com/nachosanchezperez-ux/base-cofrade/pull/453,candidate_for_authorized_cleanup,deleted
fix/tira-semantica-opt-in-sin-coste,020a08fca14c841c1892264d6065a2d1db6b2744,2026-08-22T15:31:03+02:00,Documenta el opt-in explícito de la capa semántica,1122,2,2,merged_exact_tip,204,https://github.com/nachosanchezperez-ux/base-cofrade/pull/204,candidate_for_authorized_cleanup,deleted
fix/tunica-identidad-hermandad,1f4c07484cc195c76a3becc35dffd570bc919fcc,2026-09-06T00:04:10+02:00,Fija el contrato visual identitario de Túnica,119,3,3,merged_exact_tip,644,https://github.com/nachosanchezperez-ux/base-cofrade/pull/644,candidate_for_authorized_cleanup,deleted
fix/tunica-mas-aire,5d89275aad3744f196a8bbbe30704f41997a2d70,2026-09-06T00:23:14+02:00,Protege la respiración visual de Túnica,109,3,3,merged_exact_tip,647,https://github.com/nachosanchezperez-ux/base-cofrade/pull/647,candidate_for_authorized_cleanup,deleted
fix/via-crucis-placement,7ce86a25b46d448791348814cab2a9c6c70650e5,2026-09-07T20:49:06+02:00,Actualiza la regresión del resumen tras mover el Vía Crucis,46,5,5,merged_exact_tip,697,https://github.com/nachosanchezperez-ux/base-cofrade/pull/697,candidate_for_authorized_cleanup,deleted
fix/via-crucis-public-dedup,6d6db07fd2df9111e7c948b35635a3eb439a8e4c,2026-09-06T01:05:23+02:00,test: cover Council Via Crucis dedupe,101,2,2,merged_exact_tip,650,https://github.com/nachosanchezperez-ux/base-cofrade/pull/650,candidate_for_authorized_cleanup,deleted
fix/video-traslado-risco-en-salida,b0c171418771ed3c092a9ff0c6da1b58fa60a2ce,2026-09-01T00:40:02+02:00,Protege la ubicación audiovisual del traslado,432,5,5,merged_exact_tip,481,https://github.com/nachosanchezperez-ux/base-cofrade/pull/481,candidate_for_authorized_cleanup,deleted
fix/wikimedia-direct-render-20260823,b9e790aedeea9cc67c81e6d01c3bead6a5d4b0a7,2026-08-23T22:29:04+02:00,Protege el render directo de fotografías Wikimedia,926,3,3,merged_exact_tip,284,https://github.com/nachosanchezperez-ux/base-cofrade/pull/284,candidate_for_authorized_cleanup,deleted
panel/front-parity-events-outings,8ee1a1c8e3f219690972a655d5105ccbf454b8b8,2026-08-22T11:44:59+02:00,feat(panel): expose outings and events from brotherhood context,1201,11,11,merged_exact_tip,172,https://github.com/nachosanchezperez-ux/base-cofrade/pull/172,candidate_for_authorized_cleanup,deleted
panel/front-parity-hermandades,a2fbef175e735a9c970a1a5be42a5eee78017d3b,2026-08-22T11:36:29+02:00,feat(panel): expose brotherhood parity tools,1202,8,8,merged_exact_tip,171,https://github.com/nachosanchezperez-ux/base-cofrade/pull/171,candidate_for_authorized_cleanup,deleted
panel/front-parity-marchas-home,c58bb574e3704e57236d2f6f15236d56812f8e0e,2026-08-22T11:55:50+02:00,feat(panel): add home editorial control center,1200,9,9,merged_exact_tip,173,https://github.com/nachosanchezperez-ux/base-cofrade/pull/173,candidate_for_authorized_cleanup,deleted
panel/front-parity-p0,074b650d3a2ad7f8746b2cfb033646667a13b807,2026-08-22T11:25:27+02:00,feat(panel): document image interventions with sources,1203,19,19,merged_exact_tip,170,https://github.com/nachosanchezperez-ux/base-cofrade/pull/170,candidate_for_authorized_cleanup,deleted
rebuild/home-2-2-fotografia-real,fef69b6f8424fdf2108174a67764d4bd525fc45c,2026-08-23T03:26:12+02:00,Retira marcador temporal de reconstrucción,998,8,8,merged_exact_tip,240,https://github.com/nachosanchezperez-ux/base-cofrade/pull/240,candidate_for_authorized_cleanup,deleted
revert/home-2-9-20260824,12f638b2e1071856f0abe3dbcf2e01906baed59f,2026-08-24T12:35:09+02:00,Retira la regresión de Home 2.9,869,4,4,no_pr,,,preserve_unique_work,preserved
revert/home-2-9-final-20260824,1a4deb7040edc3ae1c830733a3fe65f1dd16d711,2026-08-24T12:36:37+02:00,Retira la regresión del diseño rechazado de Home 2.9,865,4,4,merged_exact_tip,329,https://github.com/nachosanchezperez-ux/base-cofrade/pull/329,candidate_for_authorized_cleanup,deleted
seo/crawl-discovery-20260824,3970ec2882272cecc06bc3ecbd26b1d0dc37b360,2026-08-24T02:26:29+02:00,Protege el contrato de descubrimiento SEO,895,12,12,merged_exact_tip,317,https://github.com/nachosanchezperez-ux/base-cofrade/pull/317,candidate_for_authorized_cleanup,deleted
seo/extraordinarias-internal-links-20260825,77072db9ba3aef3150c25951b658f16fd9778a5c,2026-08-25T10:10:23+02:00,Protege el enlazado interno de extraordinarias,832,7,7,merged_exact_tip,343,https://github.com/nachosanchezperez-ux/base-cofrade/pull/343,candidate_for_authorized_cleanup,deleted
seo/extraordinarias-pillar-20260824,fc54bb7710296eb38f83aebfb357202b92ac49f6,2026-08-24T11:57:46+02:00,Protege la página pilar SEO de Extraordinarias,883,4,4,closed_unmerged_exact_tip,325,https://github.com/nachosanchezperez-ux/base-cofrade/pull/325,preserve_unique_work,preserved
seo/extraordinarias-pillar-v2-20260824,13ecc8a4ed81f944ef9447776af888e06c10ae56,2026-08-24T12:31:19+02:00,Protege la página pilar SEO de Extraordinarias,870,3,3,merged_exact_tip,328,https://github.com/nachosanchezperez-ux/base-cofrade/pull/328,candidate_for_authorized_cleanup,deleted
seo/extraordinarias-temporal-20260825,d2267a188a53ba3f1bb0d99861c733fbaeecae23,2026-08-25T02:11:10+02:00,Protege la intención temporal de Extraordinarias,851,3,3,merged_exact_tip,341,https://github.com/nachosanchezperez-ux/base-cofrade/pull/341,candidate_for_authorized_cleanup,deleted
seo/p0-indexacion,9110dc1bb8216b52b4c17662e8fca2c70f686685,2026-09-05T17:35:31+02:00,Actualiza el contrato SEO del sitemap,141,4,4,merged_exact_tip,632,https://github.com/nachosanchezperez-ux/base-cofrade/pull/632,candidate_for_authorized_cleanup,deleted
temp-noop,dca39bfd6797bfad76cd8a8e9e4f7e182a25a1b1,2026-08-31T21:08:12+02:00,Blinda la composición móvil de la marca,451,3,3,no_pr,,,preserve_unique_work,preserved
ui/acompanamiento-musical-compacto,15f4bf33129a9bc4d857325bea8cc0a26651ce9b,2026-08-22T14:11:34+02:00,Alinea el contador del patrimonio musical con el titular,1206,8,8,merged_exact_tip,166,https://github.com/nachosanchezperez-ux/base-cofrade/pull/166,candidate_for_authorized_cleanup,deleted
ui/hermandades-acompanamiento-musical,5350271307874757d4f4b66222b739b0678b9e4d,2026-08-22T02:37:17+02:00,Ajusta el tono del acompañamiento musical en Penitencia,1216,1,1,no_pr,,,preserve_unique_work,preserved
ui/hermandades-acompanamiento-musical-v2,952aece8b74f658965ccda6c28d43b77f2911a15,2026-08-22T02:50:51+02:00,Rediseña el acompañamiento musical con logos y orden de cortejo,1216,3,3,closed_unmerged_exact_tip,160,https://github.com/nachosanchezperez-ux/base-cofrade/pull/160,preserve_unique_work,preserved
ui/hermandades-acompanamiento-musical-v3,243c89bc6764b1a4d1d0d4e44f35f743573b42d3,2026-08-22T02:52:10+02:00,Rediseña el acompañamiento musical con logos y orden de cortejo,1210,2,2,merged_exact_tip,161,https://github.com/nachosanchezperez-ux/base-cofrade/pull/161,candidate_for_authorized_cleanup,deleted
ui/hermandades-escudo-hero-limpio,b1b87934de15d09f51728a49261f03d45ee172cd,2026-08-22T15:35:32+02:00,Muestra los escudos de Hermandades sin recuadro,1122,3,3,merged_exact_tip,205,https://github.com/nachosanchezperez-ux/base-cofrade/pull/205,candidate_for_authorized_cleanup,deleted
ux/agenda-horarios-sede,20948730fba1814b0053bb3a2bfbc88276d6c464,2026-09-01T21:27:04+02:00,Asegura lectura y tacto en los horarios de Sede,395,4,2,merged_exact_tip,514,https://github.com/nachosanchezperez-ux/base-cofrade/pull/514,candidate_for_authorized_cleanup,deleted
work/cerrar-ficha-hermandad-las-aguas,b92bad9a60408879837b4940a5493587456cc062,2026-09-06T01:18:18+02:00,Sincroniza el cierre revalidado de Las Aguas,100,5,5,merged_exact_tip,651,https://github.com/nachosanchezperez-ux/base-cofrade/pull/651,candidate_for_authorized_cleanup,deleted
