branch,sha,classification,basis
agent/acompanamientos-la-puebla-2026,b7094ae725fba0fe3f71907b575a10845b63ac94,merged_ancestor,merged_ancestor
agent/afina-hc009-jerarquias,cd6ca95acfa45f38aaf153ca42819b7c04e8c0a0,merged_ancestor,merged_ancestor
agent/ajustes-visuales-bandas,42e10587510865550e611243b388a931a33e085b,merged_ancestor,merged_ancestor
agent/analitica-relacional,4ea929ca44e89f04a49ebed36fcd5bf257ca072f,merged_ancestor,merged_ancestor
agent/band-direction-integrity-v2-20260822,f5461b3f8f7e1b010baaa6aa85c777fdbbf9f8d1,merged_ancestor,merged_ancestor
agent/banderin-encarnacion-imagen,64b8df4c539a26e5b0984fb1f342fb55d127f6be,merged_ancestor,merged_ancestor
agent/capataces-la-cena,ec4efe30fc42f7693b5530d23f460e5d2fd2b954,merged_ancestor,merged_ancestor
agent/cierra-hc-005-historicos,29f31dcea2cef8c833e4a1c055bde87152e9b875,merged_ancestor,merged_ancestor
agent/cierra-hc-006-acompanamientos-musicales,cb641a270ccb57e00f14a9e8bce21b40bcf43c1c,merged_ancestor,merged_ancestor
agent/cigarreras-discografia-portadas,b4c368e10404a36de26320ad7fbb0e9e83cae2df,merged_ancestor,merged_ancestor
agent/colores-banda-puebla,8ccdc792b801d6615bccc6282e79162291e69c6b,merged_ancestor,merged_ancestor
agent/compacta-ficha-bandas,fa39d047bd8e6e318676a34b6db2fb6cb08126e1,merged_ancestor,merged_ancestor
agent/completa-acompanamientos-encarnacion,e6be2a6515a9a3319dd15c2bf2346b1c08b6c174,merged_ancestor,merged_ancestor
agent/directorios-imagenes-pasos,c0707f207a52254754a35afacb5f28bb1ce6d788,merged_ancestor,merged_ancestor
agent/discografia-pistas-spotify,405f04dd4679da231dc4a2c73363c72aae9f6f14,merged_ancestor,merged_ancestor
agent/discografia-portadas-ux,28ddf7a003f38bbc93fea4448bd206c4dc884b1b,merged_ancestor,merged_ancestor
agent/el-nazareno-relacional,75fcc859455f7a44ed7edb75ec502086a6dfc24a,merged_ancestor,merged_ancestor
agent/encarnacion-banderin-calidad-direccion,010a9c4fed41d3b77a800363e862d8fc44d7bed4,merged_ancestor,merged_ancestor
agent/encarnacion-ficha-completa,ce640fa7f4aefb57fca87accf3ddc9380d1e89c9,merged_ancestor,merged_ancestor
agent/encarnacion-foto-formacion,f0cd30efd93243522ed4e41988d19ef84faeae76,merged_ancestor,merged_ancestor
agent/extraordinarias-directorio-20260822-temp,cc5f7960d1f178c0eaaa278db9446dab0c1923c2,merged_ancestor,merged_ancestor
agent/extraordinarias-integracion-20260822,65147c18bde1a68bf4e2c51ec994f936191fedaa,merged_ancestor,merged_ancestor
agent/fix-brotherhood-image-authorships,aa756ad86d38b9a05c88e0ff278c6f42631db1d9,merged_ancestor,merged_ancestor
agent/fix-own-band-meta-cigarreras,f6f2fc26a1fb9a8a9e8007b690955213167eb635,merged_ancestor,merged_ancestor
agent/foto-formacion-la-puebla,028266ab4d27740aebb1aa2b7df37f4ae23cffde,merged_ancestor,merged_ancestor
agent/foto-formacion-la-puebla-2,028266ab4d27740aebb1aa2b7df37f4ae23cffde,merged_ancestor,merged_ancestor
agent/foto-formacion-la-puebla-3,028266ab4d27740aebb1aa2b7df37f4ae23cffde,merged_ancestor,merged_ancestor
agent/foto-formacion-la-puebla-actual,028266ab4d27740aebb1aa2b7df37f4ae23cffde,merged_ancestor,merged_ancestor
agent/foto-formacion-la-puebla-final,028266ab4d27740aebb1aa2b7df37f4ae23cffde,merged_ancestor,merged_ancestor
agent/foto-formacion-la-puebla-real,028266ab4d27740aebb1aa2b7df37f4ae23cffde,merged_ancestor,merged_ancestor
agent/foto-formacion-la-puebla-upload,028266ab4d27740aebb1aa2b7df37f4ae23cffde,merged_ancestor,merged_ancestor
agent/foto-formacion-la-puebla-x,028266ab4d27740aebb1aa2b7df37f4ae23cffde,merged_ancestor,merged_ancestor
agent/foto-formacion-la-puebla-y,028266ab4d27740aebb1aa2b7df37f4ae23cffde,merged_ancestor,merged_ancestor
agent/foto-formacion-la-puebla-z,028266ab4d27740aebb1aa2b7df37f4ae23cffde,merged_ancestor,merged_ancestor
agent/foto-piedad-baratillo-final,5cd8f989ee69649923fccaba1d6d85e0ca7db64d,merged_ancestor,merged_ancestor
agent/foto-presentacion-san-benito-final,b6d5b9c07fb5f1ec29dbc9da30670877edc6aa47,merged_ancestor,merged_ancestor
agent/foto-principal-la-puebla-20260820,53dce63dc4a6365ca37fae85ab719a56d9cd1d66,merged_ancestor,merged_ancestor
agent/front-panel-parity-final-20260822,3f911036cc913cc85ec5e396dab36d1b4466d3b2,merged_ancestor,merged_ancestor
agent/fuentes-panel-basicas,ef2e58f550bcaba50c0ff543b4daf5a1f8c3950f,merged_ancestor,merged_ancestor
agent/fuentes-relaciones-nucleo,24caba7623f278ea6d25972de39b7d97adffcf56,merged_ancestor,merged_ancestor
agent/habitos-ajuste-optico-2-20260822,629fa9ab6b247d2595061e3b2d7d7cfd7f52e341,merged_ancestor,merged_ancestor
agent/habitos-centra-visual-20260822,ed575befc83985b89787b72e868ca86d36dfc1c7,merged_ancestor,merged_ancestor
agent/habitos-equilibrio-final-20260822,43dcd149c47e281de81296c42f7c3c6a1c423229,merged_ancestor,merged_ancestor
agent/habitos-margen-optico-20260822,649adb3f142ed36d09673551dc8821097e8a1dcd,merged_ancestor,merged_ancestor
agent/habitos-pane-ancho-20260822,7dd6a8200e2028562627a650f73403f4db734043,merged_ancestor,merged_ancestor
agent/habitos-responsive-final-20260822,006d34f1826070d876dd876805b8b3cd3264126a,merged_ancestor,merged_ancestor
agent/habitos-titulos-alineados-20260822,5991478cd7d389f6dec69b97dcb015701deb7e74,merged_ancestor,merged_ancestor
agent/hc-008-1-hardening-relacional,e865168f8698c779a19e3f74b17636f68251f407,merged_ancestor,merged_ancestor
agent/hc-009-cierre,905a5e820f129aa08fbb527e654d01aa0684ec59,merged_ancestor,merged_ancestor
agent/hc-009-sistema-tipografico,8dffc8214dcbb386d495d189b812805fa51a7587,merged_ancestor,merged_ancestor
agent/hc-016-4-reutilizacion-asistida,246a9551456fa963879fc377d7f47ba261c91fc8,merged_ancestor,merged_ancestor
agent/hc-016-4-reutilizacion-asistida-2,246a9551456fa963879fc377d7f47ba261c91fc8,merged_ancestor,merged_ancestor
agent/hc-016-4-reutilizacion-asistida-final,246a9551456fa963879fc377d7f47ba261c91fc8,merged_ancestor,merged_ancestor
agent/hermandad-supabase-source-truth,de23d51a74a1e03630087580d46613ea86c34a28,merged_ancestor,merged_ancestor
agent/hermandades-directorio-supabase-only,9c021139550d44e44d5f284d181f91d8eb9b9fe3,merged_ancestor,merged_ancestor
agent/hermandades-identidad-geografia,6ffa75524330e5fe5668d3f267cb96d33b5cefe3,merged_ancestor,merged_ancestor
agent/home-1-3-integridad-ritmo,50ba52c32e2db5242df9312defbe517059f0e167,merged_ancestor,merged_ancestor
agent/home-dinamica-extraordinarias,9faa2ce010d94fa3e144e7418a6557b8807da683,merged_ancestor,merged_ancestor
agent/home-extraordinaria-sin-imagen-20260823,4c532d0297e31963f24ee44cd59f585ac3396c83,merged_ancestor,merged_ancestor
agent/home-hoy-dinamico,f4ceb4059d52601bf8fe7b95a49b709944d31324,merged_ancestor,merged_ancestor
agent/home-hoy-explorar-1-2-shadow,6cecc07b245b3a4a32970b67f28139831518c33a,merged_ancestor,merged_ancestor
agent/home-hoy-explorar-1-2-temp,6cecc07b245b3a4a32970b67f28139831518c33a,merged_ancestor,merged_ancestor
agent/home-proxima-extraordinaria,9f596a1e30fc6e7b69478dd323964c374a3bcd84,merged_ancestor,merged_ancestor
agent/image-authorship-text-dates,96b78fbe6feb9dfc31e0ddc1d332a1c96154990a,merged_ancestor,merged_ancestor
agent/imagen-autoria-anonima-20260822,3bc8f8568dd16b5342f0bdb8bc3e1dd3486cf493,merged_ancestor,merged_ancestor
agent/imagen-paso-supabase-source-truth,4bd07f98730086c1447eff99aae6514ba05c99fe,merged_ancestor,merged_ancestor
agent/implementa-hc009-open-sans,e194ed8ae928a43bb9d038bd84a0e70125daadd8,merged_ancestor,merged_ancestor
agent/incorpora-cinco-bandas-sevilla,07905a81109dd6984f54945d028efdc8e6d4d9ec,merged_ancestor,merged_ancestor
agent/intervenciones-edicion-completa,4d6fb16f74a7e4cb57efe2e1276d57ed9e3ef0b3,merged_ancestor,merged_ancestor
agent/mejora-fotos-salidas-20260901,a53d518873421cb6d68e3e04c46f7f4de5d8e664,merged_ancestor,merged_ancestor
agent/nucleo-relacional-panel,3088d71897c4a77dd3d2bdcfea92dbb0199eac0a,merged_ancestor,merged_ancestor
agent/paleta-banda-solo-ficha,f35ab70781e6b43d278612e40af1f36e28abdad2,merged_ancestor,merged_ancestor
agent/panel-agentes-workspace-v2-20260822,cd23766915cd41c73fff795618427af4a87a1ce8,merged_ancestor,merged_ancestor
agent/panel-bandas-secciones-20260822,dae1301250e6b030c68b09eea372e0531a3b72dc,merged_ancestor,merged_ancestor
agent/panel-datos-salud-grafo-20260822,86a7c608cf1e7da3833d440d7da725ab3bce6063,merged_ancestor,merged_ancestor
agent/panel-entity-parity-clean-20260822,5c85f732f71dc4fa452dcad7cf0a83e251b2916b,merged_ancestor,merged_ancestor
agent/panel-navigation-20260822,c1400607668fd8e5e735df8fc8a088ea24ac91b1,merged_ancestor,merged_ancestor
agent/panel-personas-label,99505bb93ed1967a91d7e5ed5ec6df8143e5c11c,merged_ancestor,merged_ancestor
agent/panel-seleccion-actual-20260902,49d93dffef898d96fd6e81f2c1f21979da299cfb,merged_ancestor,merged_ancestor
agent/panel-workspaces-20260822,22b329061ca66cbf2213c77b42a957cc696f0585,merged_ancestor,merged_ancestor
agent/panel-workspaces-step-band-20260822,535bcb5eb1ef12cb281ed3f4377aa40d37ead459,merged_ancestor,merged_ancestor
agent/pasion-muerte-habito-correccion-20260831,93f550b585e02e185dcde82b1eec8194b6a5e8f1,merged_ancestor,merged_ancestor
agent/pasion-muerte-habito-imagen-final-20260831,36cee77015c26c4f812dc9b6bfb5674fc12c5ba1,merged_ancestor,merged_ancestor
agent/pasos-edicion-fotografia-inline-20260902,a45d0bbda70e2cb17674256fad95cf05bf84b1af,merged_ancestor,merged_ancestor
agent/publica-autoria-anonima-20260822,b993c640631582d4ba735596c563b8e86b8697ee,merged_ancestor,merged_ancestor
agent/repara-portadas-presentacion-pueblo-20260831,0b1bf62b8e1a586e885accc9c782cd11b8a500df,merged_ancestor,merged_ancestor
agent/san-benito-escudo,0996fb8a2de349516620f679036f5027266b5578,merged_ancestor,merged_ancestor
agent/san-benito-minimos-data,e68b53878e5525687c2c81d709129bb61a9cac9e,merged_ancestor,merged_ancestor
agent/san-benito-preflight-relations,d5e3f144491158713bb1d9fac41b5cecbe98ed3e,merged_ancestor,merged_ancestor
agent/test-ignore,028266ab4d27740aebb1aa2b7df37f4ae23cffde,merged_ancestor,merged_ancestor
agent/test-ignore-2,028266ab4d27740aebb1aa2b7df37f4ae23cffde,merged_ancestor,merged_ancestor
agent/tira-del-hilo-2-0-foundations,f3fd6bfccdda354398287f6d90172246997efdc0,merged_ancestor,merged_ancestor
agent/tira-del-hilo-2-3-contexto-general,48e0672304b8f42de2acc004845804b67b525b8f,merged_ancestor,merged_ancestor
agent/titulares-fotos-hermandad,81e3cf335f6a03291f2b4075a4670115a90d7192,merged_ancestor,merged_ancestor
agent/unifica-titulos-directorio-bandas,7b4de6ef3748a9d95aedd99ff2fae28685aedec1,merged_ancestor,merged_ancestor
agent/virgen-reyes-acompanamientos-enlaces-20260902,ebb8ecb1a83ed1a68c16ad8761cfa91552b05948,merged_ancestor,merged_ancestor
audit-hermandades-publicas-20260823,ef08cc65beed418dca2b45d4b93336704bd31c3d,merged_ancestor,merged_ancestor
chore/activa-foto-dolores-cerro-20260824,3a965a7a2e9463374be7cbae98c4301deae8f29c,merged_ancestor,merged_ancestor
chore/reconcile-migration-20260824104227,91da0934b1128ee82fd0caf3f5a08c3e79ac234c,merged_ancestor,merged_ancestor
chore/reconcile-migration-history-20260831,a11aae1e655f0ca6cf9b8b71e320c01b2bbd252d,merged_ancestor,merged_ancestor
codex/bandas-ficha-musical-v2-20260831,4fb2199c7af46afb0f46abcaff508559c57fe04c,merged_ancestor,merged_ancestor
codex/cierre-hc-008-20260821,9511008893170176decd934c30f7045ed94cd191,merged_ancestor,merged_ancestor
codex/fase-2-tira-del-hilo-20260821,9c880a964af25794aa54272a4ce24c8b187cb9a8,merged_ancestor,merged_ancestor
codex/ordena-ramas-y-cierra-cachorro-20260909,dda357d184ad6c9b413498af734ffd10e15f65dc,merged_ancestor,merged_ancestor
codex/refine-band-accompaniment-cards,964620f4bb4459b3fad743ae9a6b6161fed70467,merged_ancestor,merged_ancestor
codex/unifica-logos-bandas-20260821,f345df57e3e768107da31216471df05701ff9b7c,merged_ancestor,merged_ancestor
content/cerro-rosario-julio-navarro,86f4c5380fd6358ed7da19770c872ffc17c05815,merged_ancestor,merged_ancestor
content/certifica-consolacion-carrion,747fb8ccb39716faacf95cc32b35a615e7fc6058,merged_ancestor,merged_ancestor
content/certifica-dulce-nombre-bellavista,baf1d7d9314a534c1d0d29ee493e9f2853c9fd17,merged_ancestor,merged_ancestor
content/certifica-mercedes-mairena,f07122057580ea00b9412e72dc938f9243b274dc,merged_ancestor,merged_ancestor
content/certifica-pino-montano,3ecc9c0c97adae52b88a64ff3eb8b5e8dc044c3f,merged_ancestor,merged_ancestor
content/certifica-sacramental-tomares,cbb8be94a0037f5ff1291ec137269942e8659bde,merged_ancestor,merged_ancestor
content/certifica-vera-cruz-encarnacion-aznalcazar,98b2e49a2422b9328312e79ef28ac131821e9530,merged_ancestor,merged_ancestor
content/cierra-dolores-camas,c8cffb3cc5bb13657c58b4a4e28c35c00003b1e9,merged_ancestor,merged_ancestor
content/cierra-reyes-sastres,1d21cc386bd278ff5591d8f46fa26443081275a2,merged_ancestor,merged_ancestor
content/cierra-san-bernardo,6a19d097fd7c4bd17e8e4f1c04e8ff404901dfba,merged_ancestor,merged_ancestor
content/cierra-setefilla-modelo-propio,5a5a12d1ccf5949351aa3c0df34b5e35cd08349c,merged_ancestor,merged_ancestor
content/cierra-virgen-luz-san-esteban,e14bbb515047134c9bc579f945ae45fe18dc5b04,merged_ancestor,merged_ancestor
content/confirma-cigarreras-sastres-2026,69efc1fe9b2ff8d0dcc4a348fb0152636f214a16,merged_ancestor,merged_ancestor
content/iguala-buen-aire-20260830,05b09ac2a8836ca74e4ad395bbb1927d65c91e13,merged_ancestor,merged_ancestor
content/iguala-rosario-santiago-20260831,ee4d48766056f04daf814463ffe4c5cb75452b77,merged_ancestor,merged_ancestor
content/incorpora-cerro-del-aguila,054764fc6c6d69dc1dfcd6537cf8e9002599645d,merged_ancestor,merged_ancestor
content/juvenil-sagrada-presentacion-media,cae702a9e4912eacdc845c8b620cc9eba6b2b6e2,merged_ancestor,merged_ancestor
content/las-aguas-rosario-20260831,cb62ebe92521adfb9dacc88e18cbf7f949f8f81d,merged_ancestor,merged_ancestor
content/mercedes-mairena-foto-20260831,20b00d18ae45224adf0834fb482679323c190f83,merged_ancestor,merged_ancestor
content/paleta-banda-santa-ana,9d7376108fdffa97210a5f2d8374dac95f1a489a,merged_ancestor,merged_ancestor
content/paleta-cerro-del-aguila,b692379586e0db87f763d1212d516fbdbb0c5e55,merged_ancestor,merged_ancestor
content/paleta-cristo-corona,c8bf9eec736d5c4258086e90e310d0c8e8cd55a3,merged_ancestor,merged_ancestor
content/paleta-cuatrovitas,27ba60b0fcc1ea6d2e866ec991fa5a553c152d09,merged_ancestor,merged_ancestor
content/paleta-dolores-la-rinconada,c84b7c247fe38a5627151e193ff7c1d08418baac,merged_ancestor,merged_ancestor
content/paleta-dulce-nombre-bellavista,e5fa702722bc679097f4b65cf2a9cbad0e1e90e7,merged_ancestor,merged_ancestor
content/paleta-el-museo,e7f74c3211ec23884221c8c96d3676fb0164cd19,merged_ancestor,merged_ancestor
content/paleta-hermandad-la-sed,ec08fae3ad9e28f63342581caedd335c25d173e2,merged_ancestor,merged_ancestor
content/paleta-jesus-despojado,6b9880ed2140632346afde23f074e5fe84e05af5,merged_ancestor,merged_ancestor
content/paleta-la-mision,a804c1dde1d7511daed6631ea1166816d407a06a,merged_ancestor,merged_ancestor
content/paleta-las-cigarreras,a93480586806717cd3ee0d3d488aa9fb3b66b8f5,merged_ancestor,merged_ancestor
content/paleta-oliva-salteras,0756e58a6869b71f63df53c09be1eea878ba8f51,merged_ancestor,merged_ancestor
content/paleta-purisima-la-algaba,fc9e75f3fa34bbf3489f5d0ef6d3d8acda572db4,merged_ancestor,merged_ancestor
content/paleta-rosario-cadiz,59344fb971a615c56ff754a281c50bbfdd1a5c32,merged_ancestor,merged_ancestor
content/paleta-san-bernardo,7ea5f5e7614b7238a05607581d51fdd7601549b5,merged_ancestor,merged_ancestor
content/paletas-bandas-lote-1,e0ffff7a8e9915cc4b6b1b9175e6accc41f55d85,merged_ancestor,merged_ancestor
content/paletas-habitos-documentados-1,5a3bf4bd6f3fa5047a3a5c258a5bfb86fb690287,merged_ancestor,merged_ancestor
content/paletas-santa-genoveva-bofeta,d231b2385c93a31be1930aed920228c2a8403ffc,merged_ancestor,merged_ancestor
content/paletas-sevilla-lote-2,62a140d6f0ebc3cdb9482891dec4de6b2025212d,merged_ancestor,merged_ancestor
content/paletas-sevilla-lote-3,6577a4e754711bc384861285f2f7007948416fdd,merged_ancestor,merged_ancestor
content/paletas-sevilla-lote-4,012ab657e3fc93abc8dedbf5df7475128f7adc14,merged_ancestor,merged_ancestor
content/pastora-cantillana-procesion-20260830,a89310ba64d3edd57f1d4ed2115b5294919243fb,merged_ancestor,merged_ancestor
content/pastora-santa-marina-foto-20260829,8900294e39a73085c03fe886e66ab6e14e5cd687,merged_ancestor,merged_ancestor
content/reconstruye-sacramental-camas,c9fe1b46d610f50b76069172c6a6f967311cc9ff,merged_ancestor,merged_ancestor
content/vera-cruz-tocina-20260829,fdab848ac88eccf1a4a6652a7e829c700fef7343,merged_ancestor,merged_ancestor
docs/aclara-head-funcional-394,d57d0c29a5b4e3c528a8bcd6f0a7570a1739dbf5,merged_ancestor,merged_ancestor
docs/apple-music-direct-links-20260827,d0b356c7c390cd0799ed9387c29efd0bc2e8911c,merged_ancestor,merged_ancestor
docs/carril-c-media-lote-20260823,fd0d71cef6a340d7e58f15f83a035d6a93e7ace7,merged_ancestor,merged_ancestor
docs/certifica-amparo-2026-09-02,907c85b14db640ebe5997fc99639a3c0a9a18e01,merged_ancestor,merged_ancestor
docs/certifica-gran-poder-2026-09-04,447113f785308823827ba50580c58f31e074e7ed,merged_ancestor,merged_ancestor
docs/certifica-la-sed-2026-09-03,e030fa8c5420d5cb36cfc4919cb39934314bccd5,merged_ancestor,merged_ancestor
docs/certifica-las-aguas-2026-09-04,8f78f992e14393924d93ea1f99562fd5f5e1c1a9,merged_ancestor,merged_ancestor
docs/certifica-san-esteban-2026-09-02,6f3e8e9bb0494be4e46c2e3a14e966bcc99e5c56,merged_ancestor,merged_ancestor
docs/cierra-consolidacion-final-20260824,4805d456e24bf49d03017469a4ab58cd934e5328,merged_ancestor,merged_ancestor
docs/cierra-salud-grafo-ciclo1-20260824,c0940590be5e1172ec5e9dc696d99ecfe206cd62,merged_ancestor,merged_ancestor
docs/cierre-432-20260831,9c2a74b3b7a3fa638ecaeeed9e22e25570ea4f47,merged_ancestor,merged_ancestor
docs/cierre-castillo-lebrija-2026-09-03,207935f8b3988cf5cc29392f00804cc828d9e16a,merged_ancestor,merged_ancestor
docs/cierre-consolidacion-direccion-20260824,36048bb1a7e4d979aa9dda9f8168a41355db2a74,merged_ancestor,merged_ancestor
docs/editorial-apple-20260827,39f083d2b7d8a41b2bdc829c8275d2f00bbc462a,merged_ancestor,merged_ancestor
docs/estado-final-20260831,b7129de5172ff696115ce26dbd79e613053019b1,merged_ancestor,merged_ancestor
docs/estado-post-385-20260827,9625688f65cc80313f31c02ec46b0ce0f0fd7dce,merged_ancestor,merged_ancestor
docs/estado-salud-editorial-20260828,5893c9e555f9b153747faf6b56daa9f3de430c63,merged_ancestor,merged_ancestor
docs/first-edition-canonical-20260831,bb687ffe18f73cfbf493108ce01a1eab711d08a9,merged_ancestor,merged_ancestor
docs/first-edition-freeze-audit-20260827,c153fa8b431c64c152c0a28807aa9d2afb058088,merged_ancestor,merged_ancestor
docs/legal-draft-20260827,462534943ca9b1b60913a6232c79ce5563425e0a,merged_ancestor,merged_ancestor
docs/legal-state-20260827,a5f1ce2739196b6ff7f0449a5b5276119177a3a7,merged_ancestor,merged_ancestor
docs/matiza-patronazgo-carrion,5707abaf2560c19435bdab123608ddd8685f80e9,merged_ancestor,merged_ancestor
docs/orquestacion-paralela-20260823,25b1798382d5a99706c0a4f555b0ec58951f5d90,merged_ancestor,merged_ancestor
docs/revalida-estado-post-620,4feafd097e82228e0ede6b143db54af608c45b47,merged_ancestor,merged_ancestor
docs/search-console-public-health-20260827,2734cf19df6eb3055f068d65e1aaee52edebc79c,merged_ancestor,merged_ancestor
docs/sincroniza-estado-2026-09-05,b29c848115a3ee0e2cd3186ac2686111cc0d22a8,merged_ancestor,merged_ancestor
docs/sync-first-edition-freeze-20260831,7851db2fa538e52e0ece40dab241165052708011,merged_ancestor,merged_ancestor
editorial/cierre-salud-20260828,7331c1690ae7f8e6657724b2a26d21f331240c89,merged_ancestor,merged_ancestor
editorial/gloria-a-ti-adaptador-20260829,ac102fdc3a7f3b0a8792e4a9157801f6599c6427,merged_ancestor,merged_ancestor
feat/band-logo-background-20260830,ff0806891893873f3d88ca90249d2d04424a60b2,merged_ancestor,merged_ancestor
feat/cabeceras-2-band,96a3c934a54f7843817717a2ad6f17b1c54e7d73,merged_ancestor,merged_ancestor
feat/cabeceras-2-media-framing,77337da90efa34b1adfefc0ade2eaba5a46d46d5,merged_ancestor,merged_ancestor
feat/cabeceras-2-polish-current,0a0a57d1e1b7555ebc7e93ce605d734d8c9a38b6,merged_ancestor,merged_ancestor
feat/cabeceras-2-visual-system,968a07eed0571f9a5dd03c49464e272e91e5cd63,merged_ancestor,merged_ancestor
feat/calendario-igualas-ensayos-20260830,e968b61347198fe485a8a31a1209d2c048d38eca,merged_ancestor,merged_ancestor
feat/data-health-content-coverage-20260823,8666bdbaf452fbc50677324817d37d438cb84251,merged_ancestor,merged_ancestor
feat/entity-header-identity-20260827,935f706f5a215f75567cf64e1776c5e55804cb65,merged_ancestor,merged_ancestor
feat/extraordinaria-dolores-cerro-20260824,eb1a62d8449d6d3f17b5277755423f5d4d9049ad,merged_ancestor,merged_ancestor
feat/extraordinaria-dolores-cerro-foto-20260824,c21f432dc7350298af008c9193d03be7b19c3f26,merged_ancestor,merged_ancestor
feat/hermandades-sigue-tirando-hilo-20260822,26d0261112329e7cb778ebf4e3281c272e1d1b2f,merged_ancestor,merged_ancestor
feat/home-agenda-proximos-dias-20260828,2e785bab874639dcc529c7fb54537aa8a4b91cf7,merged_ancestor,merged_ancestor
feat/home-daily-dynamism-20260831,2da1ee2adf9d33e0a6576c86d8aa4c39323938e1,merged_ancestor,merged_ancestor
feat/home-hoy-portada-diaria-20260828,f5ef92f7a61114a1fd26a8007e5707fb02278a1e,merged_ancestor,merged_ancestor
feat/panel-bandas-multimedia,32dba020935ef6c986f55e161f9e832d1309412e,merged_ancestor,merged_ancestor
feat/panel-escudo-hermandad-20260825,f3d65dbb089d92a8cfa2a326667b1d17bba01359,merged_ancestor,merged_ancestor
feat/panel-v2-inline-media-20260825,fa54d13bdf639464aac8c624d4654996b2e0123c,merged_ancestor,merged_ancestor
feat/procesiones-gloria-20260825,c36bfbdf6d0b0ff6946534bc5bbf87f2a3a137f0,merged_ancestor,merged_ancestor
feat/procession-route-viewer-20260825,0375267a1fa6e7a57c495a2d30e028f9bd81c1d8,merged_ancestor,merged_ancestor
feat/secure-public-contributions-20260831,838bc8db4fb279e2769a9565e1f4fc3918cf5bff,merged_ancestor,merged_ancestor
feat/vestidor-imagen-panel,536b8ca655521b3bf70ea014fc012c94e289757a,merged_ancestor,merged_ancestor
feat/via-crucis-cofradias-ficha,9eb026051f7c6629171a70452f5493093b8ffe08,merged_ancestor,merged_ancestor
feat/via-crucis-cofradias-ficha-final,9eb026051f7c6629171a70452f5493093b8ffe08,merged_ancestor,merged_ancestor
feat/via-crucis-cofradias-ficha-v2,9eb026051f7c6629171a70452f5493093b8ffe08,merged_ancestor,merged_ancestor
feat/via-crucis-cofradias-ficha-v3,9eb026051f7c6629171a70452f5493093b8ffe08,merged_ancestor,merged_ancestor
feat/via-crucis-ficha-via,9eb026051f7c6629171a70452f5493093b8ffe08,merged_ancestor,merged_ancestor
feat/via-crucis-ficha-via-final,9eb026051f7c6629171a70452f5493093b8ffe08,merged_ancestor,merged_ancestor
feat/via-crucis-institucional,9eb026051f7c6629171a70452f5493093b8ffe08,merged_ancestor,merged_ancestor
feat/via-crucis-institucional-v2,9eb026051f7c6629171a70452f5493093b8ffe08,merged_ancestor,merged_ancestor
fix/band-accompaniment-card-hierarchy-20260830,4a24388a9d109a5c7f1b9dc3edc242cd55145633,merged_ancestor,merged_ancestor
fix/band-accompaniment-step-hierarchy-20260830,3cab272c55ef6c1221a133df312287d587a78a5d,merged_ancestor,merged_ancestor
fix/band-dates-redencion-history-20260831,502cc108febb42c1ea2bb47a71ccb3ab6178ede7,merged_ancestor,merged_ancestor
fix/band-day-labels-no-pills-20260830,a6a95e4a7194b11521cf8b6131f2c49ffdd73bc9,merged_ancestor,merged_ancestor
fix/band-glory-mobile-source-20260830,9b4448dadbf6270d24b2379ba9d2db87aa7bcbbd,merged_ancestor,merged_ancestor
fix/brotherhood-hero-corporate,d5a7a4d2407b5e5ad174cc75ec38946e8d50a941,merged_ancestor,merged_ancestor
fix/brotherhood-local-hero-ios-20260830,b43ac1fc6b636e76da4c6049c961cb38d0bd7fac,merged_ancestor,merged_ancestor
fix/brotherhood-music-by-outing-20260831,4bcb6b8a6bcff6c72d7f9073cfbc0f164f724e93,merged_ancestor,merged_ancestor
fix/bulk-import-collision-preflight-20260823,d6d8cbeff4dc4baabbfd17875f5e61ebadd441a3,merged_ancestor,merged_ancestor
fix/bulk-import-operational-safety-20260823,97f4018efec6758de482dc008e71c0d144851318,merged_ancestor,merged_ancestor
fix/bulk-import-recovery-20260823,0cd93d0aa013419209e28cdcc5036eabb6a358fc,merged_ancestor,merged_ancestor
fix/cerro-rosario-foto-jpeg,6c04b2944c076aef2f7864408d9fd60fb9b87b23,merged_ancestor,merged_ancestor
fix/cierre-ux-responsive-20260831,b975b613c2d15a84c6adb3fdc3fb72268e8d3d8a,merged_ancestor,merged_ancestor
fix/data-health-reference-drafts-20260822,2bd4aa73830c26d2ae03ee427292c15ea05966a9,merged_ancestor,merged_ancestor
fix/directorio-hermandades-visible,ba8588fd6aa8dbc58d3236e1413c6db00ba1bb46,merged_ancestor,merged_ancestor
fix/directorios-breadcrumb-fichas-20260827,4159b9b2ec7627b201d2dc3264ea9dd5c017a197,merged_ancestor,merged_ancestor
fix/dolores-cerro-valid-webp-20260824,5203e2cb18976de03ebbe3b4d49716237369e8c2,merged_ancestor,merged_ancestor
fix/entity-section-nav-contrast,327cd25d35ba0f3e42e4ad9f94c53902b144d25a,merged_ancestor,merged_ancestor
fix/entity-section-nav-corporate-theme,fe3afe0dea53dcf7ba420d2329ffd9e5e160551d,merged_ancestor,merged_ancestor
fix/extraordinarias-cabecera-flexible-20260827,93dbac10bc2d4f8564eef728e2ac394446cf8388,merged_ancestor,merged_ancestor
fix/extraordinarias-legibilidad-desktop-20260827,4609392d850e496db4057dbec3ee3cdf52c14d82,merged_ancestor,merged_ancestor
fix/fuentes-hermandades-segundo-grado,24e448cbc65b9130c0d3a47d0bc390aba82d550a,merged_ancestor,merged_ancestor
fix/glorias-year-emphasis-20260830,f893a4b3b60b4b67b4871ade8f5b2e4a1575070f,merged_ancestor,merged_ancestor
fix/glory-title-del-20260829,0cbd26e8347de7256d6d7a3792adc0af920c87c0,merged_ancestor,merged_ancestor
fix/graph-health-core-relations-20260824,c001a60249a8ff6b5aa4c045f30663b4f0845d01,merged_ancestor,merged_ancestor
fix/hc-008-1-plurales-relacionales,fd054848080b43a37d200e55b0fb68d5733a7a9c,merged_ancestor,merged_ancestor
fix/header-mobile-compacto-20260827,c24f78eac41ed2f69a35a89c36f4b6c141d10bbf,merged_ancestor,merged_ancestor
fix/hermandad-agent-source-scope-2026-09-03,e261be72c3aad5aa4c82625c23b4a10e5b21acd3,merged_ancestor,merged_ancestor
fix/hermandad-colores-aplicados,caf838fae34744531aac16db9708c10d80def165,merged_ancestor,merged_ancestor
fix/hermandad-public-scope-2026-09-03,7d2f7ea61dd33252a553d4c2dedf26af740e25b7,merged_ancestor,merged_ancestor
fix/hermandades-musica-compacta-v2,76136a490fac3ddbece915b51342e3a63d647202,merged_ancestor,merged_ancestor
fix/hermandades-sede-visita-equilibrio-v3,2580d6d10d37549211dce8a22622cc147475a658,merged_ancestor,merged_ancestor
fix/historico-musical-hermandades,095c1f0917cf4bbd5e5b8548bf422b017f726bd0,merged_ancestor,merged_ancestor
fix/home-feature-density-20260831,da7c2b30e6f040a1393e6cf6c91358713d26ac80,merged_ancestor,merged_ancestor
fix/home-hoy-mobile-final-20260828,e106f470f3633316b3f016578bb21111834ae288,merged_ancestor,merged_ancestor
fix/home-march-band-logo-20260830,90fe85eb94bf335b759f6428476d7ec69ab36b49,merged_ancestor,merged_ancestor
fix/home-text-feature-empty-row-20260831,ae1cb0f982154bc0f71594a00e34ec710f890e13,merged_ancestor,merged_ancestor
fix/identidad-logo-favicon-20260827,d1e7f9c19c5862d5a031a26b0e43e968c93c8f28,merged_ancestor,merged_ancestor
fix/image-hero-mobile-overflow-20260825,e933824c96316023b78362f3dac07dd4f569f5b4,merged_ancestor,merged_ancestor
fix/las-vinas-encarnacion-2027-20260828,84b042aded5cb0088d64887e512b402084979197,merged_ancestor,merged_ancestor
fix/legibilidad-tipografica-global-20260827,b22005058e15da5cf394463ee178546d5b3be162,merged_ancestor,merged_ancestor
fix/legibilidad-tipografica-segunda-pasada-20260827,e46bf26dc86498575984eb269ea4ddec87e1df56,merged_ancestor,merged_ancestor
fix/mairena-logo-readability-20260831,792a73e910cdf1757d2a366a707b8d3cba6099d8,merged_ancestor,merged_ancestor
fix/media-storage-public-url,f99a91d3e53eec2ec77bffa49a417daac8b515dc,merged_ancestor,merged_ancestor
fix/mercedes-mairena-image-20260831,c2cabb962c4c2c86ce9c03ad93d8dae3f27e5fda,merged_ancestor,merged_ancestor
fix/outing-guide-authority-2026-09-03,f993d404a2b4720ad91b7ca142ef57e2987455d6,merged_ancestor,merged_ancestor
fix/panel-bandas-edicion-directa-20260831,1410716d348d54ed38f15053f5d098a18f5709b5,merged_ancestor,merged_ancestor
fix/panel-curiosidades-media-directa-20260827,bc260612202c39351ed8e38c5f7947da174777e8,merged_ancestor,merged_ancestor
fix/panel-hermandades-search,edd35068577793afeeb76b725e72122d7d76b3cd,merged_ancestor,merged_ancestor
fix/panel-hermandades-solo-editables,5bc3a35639b37baf8148340262033f95c70a4639,merged_ancestor,merged_ancestor
fix/pastora-cantillana-image-20260830,798c32fb3d2f281e789026ec76939e92816237ba,merged_ancestor,merged_ancestor
fix/public-editorial-indexing-secondary-gaps,74046bf4fd637e68ac01ef9f2ddaf306a1e1cae9,merged_ancestor,merged_ancestor
fix/public-ux-first-edition-20260830,a5991b20cdf5d3f2b488dba860077029cbfc43b2,merged_ancestor,merged_ancestor
fix/publica-autoria-anonima-20260822,e2e8c24188cf21b1410827243cf2c64e733379c7,merged_ancestor,merged_ancestor
fix/reconcilia-dolores-camas-panel,eba294b47446d77a339d1a6bc5f26fc0345bbf47,merged_ancestor,merged_ancestor
fix/recorrido-circuito-entrada-20260828,d13e3e5fcfbdef07d5b7cab2fe11a760f1cd2203,merged_ancestor,merged_ancestor
fix/remove-band-related-extraordinary-20260831,4fc6bf114c3321630c41e6c92e866189c85ae13e,merged_ancestor,merged_ancestor
fix/salve-pastora-evidencia-estreno-20260824,eda963b1bd130c8aec475109e766991e92ae4de6,merged_ancestor,merged_ancestor
fix/san-bernardo-historico-archivado,d67da8b87e2a2efffb8da671d0476fa627c5f6d2,merged_ancestor,merged_ancestor
fix/search-public-page-readiness-20260827,60e87adf7ddf61bd1d7ff9496e9b3f42a1d27e5f,merged_ancestor,merged_ancestor
fix/semana-santa-copy-bandas-20260827,73d45a887fcdd7ecc19510e450119e8298dd7a5a,merged_ancestor,merged_ancestor
fix/sitemap-public-routes-20260827,ec9f3d797e830fb59638d1baae1793f48ef6dd02,merged_ancestor,merged_ancestor
fix/titulares-desktop-completo-20260827,05d548be8e5705dca9b542a7419b24122244587a,merged_ancestor,merged_ancestor
fix/tres-caidas-amargura-dia-20260830,c0d0578c269e5f96936b46be73359857363d6c49,merged_ancestor,merged_ancestor
fix/tres-caidas-logo-20260831,74a42559f9259f4d273128297ae5fbb670317ae8,merged_ancestor,merged_ancestor
fix/trinidad-musica-futura-relacional,bf433b72b4c83e2abf362c4fbe87d30076220a17,merged_ancestor,merged_ancestor
hc/ficha-de-un-vistazo-relacional,8619182cdddc90af56f2fabf064d7c254223f5e7,merged_ancestor,merged_ancestor
media/escudos-viernes-dolores-20260824,d80074aa80834adca67c7d00222ca3d35ca6f107,merged_ancestor,merged_ancestor
noop,cb62ebe92521adfb9dacc88e18cbf7f949f8f81d,merged_ancestor,merged_ancestor
noop-check,2cc516a648986dedcfff8ae34a25dc9635a89564,merged_ancestor,merged_ancestor
noop-do-not-use,61ae702848ebe6939ec0ff4197f9c7434a713fd2,merged_ancestor,merged_ancestor
noop-do-not-use-2,61ae702848ebe6939ec0ff4197f9c7434a713fd2,merged_ancestor,merged_ancestor
noop-do-not-use-3,61ae702848ebe6939ec0ff4197f9c7434a713fd2,merged_ancestor,merged_ancestor
noop-do-not-use-4,61ae702848ebe6939ec0ff4197f9c7434a713fd2,merged_ancestor,merged_ancestor
seo/extraordinary-detail-intent-20260824,04738c91186d5738e5de80110d066e66c18bfd14,merged_ancestor,merged_ancestor
seo/p1-indexabilidad-unificada,2361b17d2ecdf673a0b79d6603ffaca97aa41380,merged_ancestor,merged_ancestor
seo/p2-url-integrity,ccbbc9e656c312ce4ec870e266f9ebd4758894b4,merged_ancestor,merged_ancestor
tmp-ignore,be5c215ac9951df5e9ce53b0f643f19b0f0acd0d,merged_ancestor,merged_ancestor
tmp-ignore-2,be5c215ac9951df5e9ce53b0f643f19b0f0acd0d,merged_ancestor,merged_ancestor
tmp-ignore-3,be5c215ac9951df5e9ce53b0f643f19b0f0acd0d,merged_ancestor,merged_ancestor
tmp-ignore-4,be5c215ac9951df5e9ce53b0f643f19b0f0acd0d,merged_ancestor,merged_ancestor
tmp-ignore-5,be5c215ac9951df5e9ce53b0f643f19b0f0acd0d,merged_ancestor,merged_ancestor
tmp-ignore-6,be5c215ac9951df5e9ce53b0f643f19b0f0acd0d,merged_ancestor,merged_ancestor
tmp-ignore-7,be5c215ac9951df5e9ce53b0f643f19b0f0acd0d,merged_ancestor,merged_ancestor
tmp-ignore-8,be5c215ac9951df5e9ce53b0f643f19b0f0acd0d,merged_ancestor,merged_ancestor
ux/sedes-historicas-dos-columnas,b226636bc0c4d8c97cbe960dca41ff6b6167539a,merged_ancestor,merged_ancestor
agent/amparo-patrimonio-material,a43812fa7567eec2eaba75dcf3efb2f46a082aee,patch_equivalent,patch_equivalent
agent/banda-maestro-tejera,0036ac26727c5ffc29b1f368d40b9971f8b67913,patch_equivalent,patch_equivalent
agent/bandas-las-cigarreras,c0036cea202ff65dfb224324a30c6c6ef6292857,patch_equivalent,patch_equivalent
agent/banderin-sagrada-presentacion-20260822,a75d924abf08a570aac86b078f655402e807e536,patch_equivalent,patch_equivalent
agent/baratillo-indumentaria-webp,89a44374bb99a953c26d2d1966746cb12f3b1865,patch_equivalent,patch_equivalent
agent/buscador-supabase-home,693c3776fb249efe2ea7261ea4a4d5973074ede3,patch_equivalent,patch_equivalent
agent/buscador-supabase-home-review,693c3776fb249efe2ea7261ea4a4d5973074ede3,patch_equivalent,patch_equivalent
agent/capataces-baratillo,57548e2174ac2e7a4de4a1cd5a553537a93058d2,patch_equivalent,patch_equivalent
agent/captcha-browser-external,1d7e8458c744520a3b00f56d712bdb2c6895c4c4,patch_equivalent,patch_equivalent
agent/completa-caratulas-discografia,cf05a8b3429642c5a459a1e795bfd47a9789128e,patch_equivalent,patch_equivalent
agent/completa-discografia-la-puebla,08b19f97d50708042149657ac3313af9de8a09a7,patch_equivalent,patch_equivalent
agent/correcciones-varias-20260823,ac2284bef3ecb603abba702f837e848667cf4ea2,patch_equivalent,patch_equivalent
agent/corrige-periodos-donde-suena-20260831,9eab6190afd2f4c60ccc459c8f6fe5c4edb5dff5,patch_equivalent,patch_equivalent
agent/descubre-auth-supabase,33336496bc487909e672b44e1167b91bdbf2d354,patch_equivalent,patch_equivalent
agent/directorio-hermandades,331a1267c66e1c28f7a25126e8a98935e504667b,patch_equivalent,patch_equivalent
agent/enlaces-oficiales-entidades,bf63345a1aff7036eb0485e45eb85c2ac417cb15,patch_equivalent,patch_equivalent
agent/extraordinarias-listado-movil-20260822,478c7ab146201eb0acd1edbadf9dbe6dc314bbb0,patch_equivalent,patch_equivalent
agent/fix-tunicas-supabase,d3822a75bccc691f869e3b0b6de5a5f4b4edfc27,patch_equivalent,patch_equivalent
agent/foto-piedad-baratillo-v2,642895e24a3349ff803c651327ecfac5b6ed402e,patch_equivalent,patch_equivalent
agent/habitos-alineacion-20260822,020e08969c16e6dc3520f02bf7eb397638079f4a,patch_equivalent,patch_equivalent
agent/hc-accessible-temporal,477eef6e55feb87fa099a59d83ffa488e46ff93b,patch_equivalent,patch_equivalent
agent/hc-control-temporal,654964925193d4706984808cbada707af28bc223,patch_equivalent,patch_equivalent
agent/hermandades-supabase-authority-clean-20260822,f014d3d348c07d7a3967d6846cca9fde711d4def,patch_equivalent,patch_equivalent
agent/home-1-4-1-universos,0a4074bb8106d307248d35c7b235d355b46ae9b9,patch_equivalent,patch_equivalent
agent/identidad-corporativa-oficial,59023f9521e41f342af6958be399cbf37ceede85,patch_equivalent,patch_equivalent
agent/iguala-logotipo-la-puebla,cc4a864d9c34736d27ee4b08faf3983958376e86,patch_equivalent,patch_equivalent
agent/la-cena-escudo,8eff0582727b7fb9fd3e617173ffb0dba91c3340,patch_equivalent,patch_equivalent
agent/la-cena-escudo-ajuste,19f34041c2f72540f1afce6f8a1d6325c70ba316,patch_equivalent,patch_equivalent
agent/la-cena-recorte-limpio,6f1a89fabaf210cfb571d07e9ed380056b52dbb4,patch_equivalent,patch_equivalent
agent/limpieza-diagnostico-031,d0f4b16dc9a399aa026a0b3d888483062f5ee2fb,patch_equivalent,patch_equivalent
agent/limpieza-diagnostico-031-test,d0f4b16dc9a399aa026a0b3d888483062f5ee2fb,patch_equivalent,patch_equivalent
agent/panel-discografia-visible,5ec3a51e64348cc6cd041b819da0142e31a52c26,patch_equivalent,patch_equivalent
agent/pastora-cantillana-medios-2024,86fc04db4fe61ed42b47c686b38b8d9a262b46b5,patch_equivalent,patch_equivalent
agent/portadas-logotipo-puebla,a9a9080da6e53243e169958eea0d13cf4f42bee6,patch_equivalent,patch_equivalent
agent/prueba-auth-supabase-io,3ec67e92029278db5f9a79429af822be05a74ea9,patch_equivalent,patch_equivalent
agent/publica-juncal-padre-pio,657ce448ef91471bfd490ebde107a741cd70d0a5,patch_equivalent,patch_equivalent
agent/san-benito-consolidacion-048,50ad7209126d0f728c68979102f7cf091a89bfb7,patch_equivalent,patch_equivalent
agent/san-benito-indumentaria,70a2df449a41f5b5bfb22e1275abbfecceadee64,patch_equivalent,patch_equivalent
agent/san-esteban-colores-20260823,2d98d11dbbce7168c615747c19a5e2bd742502e4,patch_equivalent,patch_equivalent
agent/seo-p3-hermandades-metadata,1cb93917dd54e5cc81f2730cb60d7d6460960412,patch_equivalent,patch_equivalent
agent/seo-p3-twitter-large-card,f7c9d23221dad0a6ef5df823c9853970cfc7d2b0,patch_equivalent,patch_equivalent
agent/seo-tecnico-base,e278628ab13c9c50494b664c00b0178274b54788,patch_equivalent,patch_equivalent
agent/temporal-validacion-031,632e7f7ab620fe45125ff7aac38003b38275de60,patch_equivalent,patch_equivalent
agent/tira-del-hilo-2-1,ed38e7cb6a8718552340190d5544e28ac9efa735,patch_equivalent,patch_equivalent
agent/tira-del-hilo-2-1b,dd263ad20e27a06f53be8cbaf24d06f769540a7f,patch_equivalent,patch_equivalent
agent/tunicas-baratillo-svg,368886f217184c073fe728efaebd489038c49ce5,patch_equivalent,patch_equivalent
chore/backlog-audit-20260823,71520443a984776dd73ef4637b31768722529535,patch_equivalent,patch_equivalent
chore/estado-proyecto-post-214-20260823,740e40f465715a58ab8a2c82af83515eb3129e6b,patch_equivalent,patch_equivalent
chore/first-edition-closure-20260825,f925eb8fab948f08a5c27c269fad0bceaf688d13,patch_equivalent,patch_equivalent
chore/hilo-orquestador-matriz-20260823,230b452246ac41b8ce9cb763ddc8caa9f2698477,patch_equivalent,patch_equivalent
chore/marchas-public-authority-20260823,10c0babe1eabe982f6d88a4e232610ad0aad514a,patch_equivalent,patch_equivalent
chore/pasos-public-authority-20260823,72e8a009072c3d4c305e67e6acaa86bc34899684,patch_equivalent,patch_equivalent
chore/pasos-public-authority-final-20260823,72e8a009072c3d4c305e67e6acaa86bc34899684,patch_equivalent,patch_equivalent
chore/reconcile-cult-media-migration-20260824,a013779e170660f584bd0846e64bb52617222bbb,patch_equivalent,patch_equivalent
chore/reconcile-document-import-migrations-20260826,64e531a412274361ff0ea9f43e992c7e9b85a46b,patch_equivalent,patch_equivalent
chore/reconcilia-migracion-padre-pio,010b94356c216a4350f67fd7e4947e4021d15d0c,patch_equivalent,patch_equivalent
chore/tira-public-authority-20260823,e942e4145eb507f26c87789960b2d11ce16e8683,patch_equivalent,patch_equivalent
codex/ajusta-palio-negritos,61f30e2ed8e6270b8f2db1726a474982796dcaa5,patch_equivalent,patch_equivalent
codex/banda-sangre-san-benito-20260820,0300c9fa1e222b94758e8ce78988c72b160a301d,patch_equivalent,patch_equivalent
codex/bandas-sol-carmen-baratillo-20260820,db697a6c542f66d421942443c2e0cabd22837c13,patch_equivalent,patch_equivalent
codex/certifica-el-museo-hc016,f96dbd809e49aa09ff68de7fbcbcbddddb482ed6,patch_equivalent,patch_equivalent
codex/certifica-jesus-despojado-avanzada,f2ef9a476ea709e3303ae79347f4c4c2fa95385d,patch_equivalent,patch_equivalent
codex/certifica-la-mision,ccece18e992b18f27ad61d4adcdfff83e4016c84,patch_equivalent,patch_equivalent
codex/certifica-pasion-y-muerte,f6af7484bfe00a14f97940162f948dbd084e257f,patch_equivalent,patch_equivalent
codex/cierra-el-juncal,7c6839f6cf2f06fad051e936a3e7020f5273d8a5,patch_equivalent,patch_equivalent
codex/cierra-la-carreteria,bcb66eb46a09eba6b23e428c54fafe9c09306ffd,patch_equivalent,patch_equivalent
codex/cierra-la-mision,cfaba033136ef1b70e617e9deff66a8708568f38,patch_equivalent,patch_equivalent
codex/completa-discografia-cigarreras-20260820,ed7bbf58c14e2344d4af8bf47a5e6e32017f1d36,patch_equivalent,patch_equivalent
codex/corrige-cruz-guia-sangre-20260820,d61f9c2b23bfa81b1e21a7b60442513300d370b6,patch_equivalent,patch_equivalent
codex/corrige-soledad-y-completa-escolania,e67f3f1e554e912341edbeccbf6f70779c7bb39d,patch_equivalent,patch_equivalent
codex/estrenos-2026-bandas-20260820,6896d1b6cdfb01ddd6407389417dd9f3648086c2,patch_equivalent,patch_equivalent
codex/fotos-la-cena-20260820,14fe903d3cc8b5b5dc69e6b990165d5a2fe2d6ca,patch_equivalent,patch_equivalent
codex/hc-016-3-state-sync-v2,62fdaca57a2fd705eb36ee1db3c7a574b0dbd66f,patch_equivalent,patch_equivalent
codex/hc-016-cierre-san-pablo,b3f81e2b5b6ce46248df71d60a0598233cb9bcbd,patch_equivalent,patch_equivalent
codex/hc-016-reconcile-703,28523d383dfe47b35783318e996f5456b2b2e75a,patch_equivalent,patch_equivalent
codex/hc016-second-lot-status,a1564213a8fd9a7a633d576d1fb0e32f81ea3539,patch_equivalent,patch_equivalent
codex/jerarquia-patrimonio-salidas-sede,57a4469800a34276aee93620da220e69951a1af0,patch_equivalent,patch_equivalent
codex/jesus-despojado-ficha-avanzada,f0f1642e4e8143954386a8efcfc24ca433a638cc,patch_equivalent,patch_equivalent
codex/logo-sol-azul-gradiente-20260820,98e3e18ef9e74436d34340086e74084b3e78c108,patch_equivalent,patch_equivalent
codex/normaliza-logos-bandas-20260820,11d05ad6983a65f91120929c209a14b819e11ebf,patch_equivalent,patch_equivalent
codex/paleta-el-juncal-azul-blanco-verde,1faf070b5435dce1b0b9c98dcac6e11f1843cdd4,patch_equivalent,patch_equivalent
codex/pistas-logo-sangre-20260820,410c95aefb955e76dc38ac29a1d5a3a983abb7d5,patch_equivalent,patch_equivalent
codex/presentacion-banderin-transparente-20260901,d29b27d2430590e915d2a7722d99262d0ea512f5,patch_equivalent,patch_equivalent
codex/presentacion-cierre-documental-20260831,7b685907c8a18bee859eeed020e0a58a7e81f289,patch_equivalent,patch_equivalent
codex/reconcile-supabase-migrations-20260820,18aa1838e52c35ca3c1cf4555bacb70dcf4d5c60,patch_equivalent,patch_equivalent
codex/reconcilia-banderin-negro-20260901,c3520542605d0dd6845a92a147f15677a16f91fc,patch_equivalent,patch_equivalent
codex/recorte-fotos-la-cena-20260820,df50802df1c919a4b043a69ab824d83529ea6fde,patch_equivalent,patch_equivalent
codex/salidas-hermandad-visual,97c57fa9559629dc28acb749bc3a16f80e1c722f,patch_equivalent,patch_equivalent
codex/salidas-image-fallback,7fa1abe3b6e80b3cecca81b52a8f53a7de8ded8b,patch_equivalent,patch_equivalent
codex/san-jose-photo-20260820,affa0d645572d168da679a4ce3edaa8a22d217f5,patch_equivalent,patch_equivalent
codex/sincroniza-estado-final-20260906,f546ba9758992c87bf34a0628b4d9e4d8674bee5,patch_equivalent,patch_equivalent
codex/sincroniza-estado-las-aguas,77f5046d655f0f09d0f8d5327ff87dcc2d0df5e2,patch_equivalent,patch_equivalent
codex/sincroniza-estado-purisima-la-algaba,35bf47e4056433d5e7cf97d1c456fd98b80509fa,patch_equivalent,patch_equivalent
codex/soledad-cantillana-semana-santa-2026,7c1a642e5873503722de27f50fd470ae2dda8c16,patch_equivalent,patch_equivalent
codex/titulares-verticales-20260820,f37626985cf09fe4bad3f1d9a0eeaedbef611d25,patch_equivalent,patch_equivalent
content/cierra-consolacion-utrera,e643f9e7cc1a23aa686fd852bbba6a5c3fbfaa90,patch_equivalent,patch_equivalent
content/cierra-virgen-valle-ecija,f2a151c49f96d06fa4c6390b880a0df95310a5fa,patch_equivalent,patch_equivalent
content/pastora-marchena-foto-luismi-20260828,0235a8376514beda9dbb9a82b6c1fea05a8c68ee,patch_equivalent,patch_equivalent
content/presentacion-pueblo-discografia-20260831,fac17e692e4cf1449d30ee65e36db983e8bc636a,patch_equivalent,patch_equivalent
data/corrige-fechas-acompanamientos-20260823,75a25bf2159f4f0c4086b75280ca1d2212ae6e43,patch_equivalent,patch_equivalent
data/direccion-sede-baratillo,4d221c730d93e529870bc94583a386df95d75406,patch_equivalent,patch_equivalent
data/pastora-cantillana-paleta-tv-20260824,2259e8b663334451ef886302b4419a84afea6cb9,patch_equivalent,patch_equivalent
design/bandas-historico-horizontal,44f4aabef74e5991e904a308eefdd70f426dfe5e,patch_equivalent,patch_equivalent
design/estrenos-editorial,3bbade46aa97ab757016683104c13c47db9085b1,patch_equivalent,patch_equivalent
docs/alineacion-operativa-20260825-1317,7abf13c7c0b0b3d7fa1d9719700f7e8c49ed19c2,patch_equivalent,patch_equivalent
docs/auditoria-cache-publica-20260822,1d2f187bb0f7d5616eabc7c8eccbe100d780cb9d,patch_equivalent,patch_equivalent
docs/band-link-state-20260827,39f20bfda05edcbb743c8c483855b88250951cf3,patch_equivalent,patch_equivalent
docs/carril-c-checkpoint-20260823,c41104e965c09ed4c6428a33be502fc37456de36,patch_equivalent,patch_equivalent
docs/certifica-527-20260902,582d2792781ad1816f79a8bff4ed8855aad52c3b,patch_equivalent,patch_equivalent
docs/certifica-estrella-coria-2026-09-04,d2d9f0012cd48bd654bfd1d4fe1b318a44e1ed46,patch_equivalent,patch_equivalent
docs/cierra-arquitectura-publica-20260823,767c9056e7b09fbfd42d5981d8ee19a72ac8245a,patch_equivalent,patch_equivalent
docs/cierra-estado-post-consolacion,75c16268aa28a6af6fa243954dec6c9d0a852a02,patch_equivalent,patch_equivalent
docs/cierra-estado-post-valle,a166f7b3913280609ff24dfc7098f561310f7c40,patch_equivalent,patch_equivalent
docs/cierra-lote-oliva-rosario,41b14437789c3b90a5fa2e0332a93988fb891851,patch_equivalent,patch_equivalent
docs/cierra-smoke-transversal-final-20260824,29c0d0960b9bcba08a2c46170f4daf309d9f157c,patch_equivalent,patch_equivalent
docs/clarify-canonical-functional-sha-20260831,6b4a081b77e2700367976c4b7ea120886e36bbd0,patch_equivalent,patch_equivalent
docs/close-ai-importer-20260826,3309c57e48ca1195ecda0293652c0e8f12338aec,patch_equivalent,patch_equivalent
docs/estado-hermandades-publicas-20260823,5c5c85d73d0c8008bbd2b4692a0f917e036edbc0,patch_equivalent,patch_equivalent
docs/estado-home-publica-20260823,c500a6cd5cf03fa511a179cd35c3142d9a420bb1,patch_equivalent,patch_equivalent
docs/estado-imagenes-publicas-20260823,4b1895a3eac441a9e682a7229e3834cd980793ee,patch_equivalent,patch_equivalent
docs/estado-legal-publicado-20260828,ae36f9ca9688f6119faacdb94dbdc03a97d9f5f1,patch_equivalent,patch_equivalent
docs/estado-panel-movil-cierre-20260824,c7992aeadbdcf2a8348a3c32ff4766ba53462bf6,patch_equivalent,patch_equivalent
docs/estado-pasos-publicos-20260823,19382d5f02afddb58a34a1fe05fca7716aab79c6,patch_equivalent,patch_equivalent
docs/estado-pr394-reconciliada-20260828,f9daa262eafb16d999a4ba14b18d06e9bed37e38,patch_equivalent,patch_equivalent
docs/estado-punto4-cerrado-20260823,6fc4980dcee7f5029c64bbd9c4e4ed26911cfa54,patch_equivalent,patch_equivalent
docs/final-first-edition-state-20260826,1e75f8c9900e53555bdbd9b26301bd9d129b98b8,patch_equivalent,patch_equivalent
docs/hc-013-patrimonio-musical-relacional,0a7b9a4f35e4fbec7291cb785e9f19c18ac050d5,patch_equivalent,patch_equivalent
docs/privacy-search-state-20260827,92ceee90b80ab5ae7531253d66e8d5540eeb1cfc,patch_equivalent,patch_equivalent
docs/privacy-storage-audit-20260827,c811cf9c03e2a992b28a6981f4fc009ea163cce2,patch_equivalent,patch_equivalent
docs/public-hardening-state-20260826,0c9f6d28a41c600e26b7888e2bb7141723c9e353,patch_equivalent,patch_equivalent
docs/revalida-estado-post-623,6169c1a8db123612d55f38b4cc60bcda0b67c3df,patch_equivalent,patch_equivalent
docs/sincroniza-cierre-hermandades,2d4a4c8f1822d9a749a82789d675ea1ab66ea52d,patch_equivalent,patch_equivalent
docs/sincroniza-cierre-la-bofeta,43ef506dafe408bd1abbda21f70a4875eac9f0ea,patch_equivalent,patch_equivalent
docs/sincroniza-cierre-padre-pio,8abd95ba48e10d2a3e95f496612853bbee4d4937,patch_equivalent,patch_equivalent
docs/sincroniza-estado-e7a659,4bb0382d339618e6b898da20d732425e8f4f857f,patch_equivalent,patch_equivalent
docs/sincroniza-estado-proyecto-20260823,d03421889ce9b4412c2df628dfc077461c439d72,patch_equivalent,patch_equivalent
docs/sincroniza-horarios-sede,259daba82ddb0e4aa814cc334bb49fe711500634,patch_equivalent,patch_equivalent
docs/sincroniza-horarios-templos-2026,9fee222a953b8f618adde9c8981bb3541164f796,patch_equivalent,patch_equivalent
docs/sincroniza-igualas-juncal-padre-pio,e508eacdf7c404f001ec5c0d1e0191cd69acfeef,patch_equivalent,patch_equivalent
docs/sincroniza-las-aguas,5f6b74084805277dedaab805c85be7314040881e,patch_equivalent,patch_equivalent
docs/sincroniza-rosario-las-aguas,69c1fb1e9aad7a2272e85b145e47ea2ebc661f77,patch_equivalent,patch_equivalent
docs/stabilize-canonical-snapshot-20260901,97e8bae3f26c37c4bf9771dd1d141ab41fcc9381,patch_equivalent,patch_equivalent
docs/state-home-editorial-20260826,efbdf726db14ebb34c08db052dc3f79e625291cf,patch_equivalent,patch_equivalent
docs/sync-agenda-8-septiembre-20260831,2ce1f92eb0ae756508f2ad69e8c59e2498323018,patch_equivalent,patch_equivalent
docs/sync-baseline-preview-debt-20260901,1160a63b525eebc80c36d3218c86c2d48468405b,patch_equivalent,patch_equivalent
docs/sync-centuria-canonical-20260831,b3631046ae11c11e8bca90e11f6c9403039e8c2b,patch_equivalent,patch_equivalent
docs/sync-editorial-seo-cycle-20260831,fae729c1e1cc111a4e61fefb04dfe43d7e1c37ac,patch_equivalent,patch_equivalent
docs/sync-live-production-20260901,dc6b46b89419d0129f623282746a73eb8162e1ca,patch_equivalent,patch_equivalent
docs/sync-queue-final-20260831,4788c442de0db4566f7fef95b8b07400ad881afd,patch_equivalent,patch_equivalent
docs/sync-seo-p0-20260831,edb15c02520ea14697761472316b748401dbe849,patch_equivalent,patch_equivalent
editorial/arahal-los-gitanos,41ca2456693b4261217981d6167329a6e6fce044,patch_equivalent,patch_equivalent
editorial/certifica-las-aguas,bab1d483afb0e9f25684c1480c38b84e919ad344,patch_equivalent,patch_equivalent
editorial/cigarreras-documental-20260902,4aa45ee9d6cdfd5a94f1e8ea3270323aab775cbb,patch_equivalent,patch_equivalent
editorial/completa-amparo-sevilla,2e8c98e43d101125ca559e3bf9ea56a05f036f23,patch_equivalent,patch_equivalent
editorial/completa-la-bofeta,7f7d2e449d5931cafde33b90d55d77383ed72fcf,patch_equivalent,patch_equivalent
editorial/completa-padre-pio,354ffb7fa2c7f09222f53fa9e050bb6f61b67931,patch_equivalent,patch_equivalent
editorial/completa-rosario-las-aguas,880c0f88f068a96770ba2140cf42d199d5cd858c,patch_equivalent,patch_equivalent
editorial/credito-foto-padre-pio,b7f7f095966e7c07e883d183f882dc197d76b77d,patch_equivalent,patch_equivalent
editorial/hermandades-septiembre-octubre-2026,27643df8db493eeef8e24fb2d59bde66e8afe378,patch_equivalent,patch_equivalent
editorial/maestro-tejera-centuria,6484b38a11878c83434c778ce350354dfe696e89,patch_equivalent,patch_equivalent
editorial/oliva-rosario,2fc224bd88034e5a2518749f13fd47a2d31bde42,patch_equivalent,patch_equivalent
editorial/recursos-san-esteban,a4f4258527c78da8eb4516c2ed0338ed0343a143,patch_equivalent,patch_equivalent
feat/band-hero-logo-unboxed-20260906,0872040cb1647aedef4846bd024dba664b4e3b32,patch_equivalent,patch_equivalent
feat/buscador-resultados-visuales-20260824,471524ab834f311583be71dbc30e5c95ee3817f7,patch_equivalent,patch_equivalent
feat/cabeceras-2-polish,f6fd01d8192baea752552613908aea1e339cb10b,patch_equivalent,patch_equivalent
feat/cartel-pastora-2025,88d7d569496d2cb4388f9d161215af4cdbb4c99d,patch_equivalent,patch_equivalent
feat/cartel-romeria-pastora-2025,c402a88138f71d562526e04ce2320487697c4166,patch_equivalent,patch_equivalent
feat/entity-relational-heroes,e1818c2d3223d8f36c30dd0a1bf62d9a12a54455,patch_equivalent,patch_equivalent
feat/hermandades-informacion-practica-20260826,a5a2fe814f1e9e6b56fc99879c06a36dc3d136f8,patch_equivalent,patch_equivalent
feat/hermandades-sede-visita-20260823,e0d7792ecb9a5c49f59984179aff50047768edcc,patch_equivalent,patch_equivalent
feat/horarios-visual,6fc0c141fdf9efcf23c7efd94726119ac4a1d063,patch_equivalent,patch_equivalent
feat/paso-misterio-san-benito,5706c777ad95ecd7a6521c2e7e30e47acd67d019,patch_equivalent,patch_equivalent
feat/pastora-cantillana,a0ac188c1e09f49b30c3ce4f960f2e165a3d114f,patch_equivalent,patch_equivalent
feat/pastora-immersive-hero-20260826,05eea4a30274eca855bec2842d82be6a7f7c4fb9,patch_equivalent,patch_equivalent
feat/soledad-cantillana,2a79d7b09866fea4a875f72a35884cba775ab64e,patch_equivalent,patch_equivalent
feat/supabase-public-client-bands,612ff405638aec4006be7a21315245bb665f9a9a,patch_equivalent,patch_equivalent
feat/tambien-en-hilo-20260822,f5ec61f395d8a25b47fc07ee10768cc87f245e54,patch_equivalent,patch_equivalent
fix/auditoria-importaciones-relacionales-20260823,e7d0b1cdbded8e4cb28d07fc9e02ee7a524a152d,patch_equivalent,patch_equivalent
fix/bandas-cigarreras-patron-20260831,b6d366e4d0bd4a611ebaab08f5a348874f52c856,patch_equivalent,patch_equivalent
fix/bandas-foto-un-vistazo-20260826,96b1de33fc3e51f00eef598359c29703234ef435,patch_equivalent,patch_equivalent
fix/cartel-pastora-encuadre,26c0b365bbf17dbf70cb466489d440dc8b24efde,patch_equivalent,patch_equivalent
fix/encuadre-foto-bambalinas,f48d0e9734f4616baf2a8e654d62630236ef7598,patch_equivalent,patch_equivalent
fix/foto-bambalinas-padre-pio-hq,abb8c0a9c877bdcd7dc8df9593cde0f71e584d28,patch_equivalent,patch_equivalent
fix/glorias-acompanamiento-musical,f432721b79bc45a35e69d256257a34db517a3dff,patch_equivalent,patch_equivalent
fix/hermandades-extraordinarias-relacion-dedup,a546af40ba315cc2670599dbd18abbb02debdcac,patch_equivalent,patch_equivalent
fix/historico-musical-sin-duplicado,8a48a4cead2a68d1a1a2dde625a2e16159432822,patch_equivalent,patch_equivalent
fix/historico-posicion-unica,4473b82b0b1ce54c70e7c34ad591e534492ef5f2,patch_equivalent,patch_equivalent
fix/home-hoy-mobile-20260828,0617d676b926d9ca51224ba99db6e678da4d5ca0,patch_equivalent,patch_equivalent
fix/maestro-tejera-localidades,8416705919facabe1f6a1812178a8c45ef75ce27,patch_equivalent,patch_equivalent
fix/migracion-foto-padre-pio-hq,a86df8d66285001d115e5c370c8e764221627ada,patch_equivalent,patch_equivalent
fix/musical-heading-hierarchy-20260826,8c7cd551e2e49c42fc77ca2a231ba8b01d1bfa5e,patch_equivalent,patch_equivalent
fix/orden-cofradia-y-acceso-estrenos,2cbf5c26da1d0c54459a73dafc8111e8c72ca670,patch_equivalent,patch_equivalent
fix/panel-recovery-production-url,a707662d2ee41c7b2b8911921aeff0e9a7f3ab99,patch_equivalent,patch_equivalent
fix/panel-recovery-rate-limit,204ce94939d47a4fda5d1bf1338d089f625bc6fc,patch_equivalent,patch_equivalent
fix/pastora-first-closed-20260825,afc771931e1051c0201fde98eb944b1fd5474222,patch_equivalent,patch_equivalent
fix/pastora-marcha-1996-20260825,64b724f8052efcbe72639f7720a40187af80235f,patch_equivalent,patch_equivalent
fix/patrimonio-musical-anio-mobile-20260825,7a99dc6d2f992a80a3fc1af7c280a27b151d71a1,patch_equivalent,patch_equivalent
fix/protagonismo-foto-estrenos,b6bdffd5706869a0abb0046fc4e098a898adbce1,patch_equivalent,patch_equivalent
fix/public-semantic-smoke-final-20260824,1ad1eeec8e8843eb7cc2b683ec4b1f9251b2813f,patch_equivalent,patch_equivalent
fix/reconcilia-migracion-legal-20260828,2d24855a324730552c227694b90762fa70843a25,patch_equivalent,patch_equivalent
fix/remove-public-probes-20260826,4c8b756469848f5ceebcb48e619960f7b13a09c4,patch_equivalent,patch_equivalent
fix/reutiliza-centuria-canonica-20260831,a5d00633890a3af17dce3657b958180a9a0cf9ca,patch_equivalent,patch_equivalent
fix/san-esteban-extraordinary-card-links,3a0238fd03eb4026536aa598b65455b2743b4586,patch_equivalent,patch_equivalent
fix/scope-baratillo-buiza-source,a4b4cd53ebaf599b2dde5f34e2086bf0c5af26b8,patch_equivalent,patch_equivalent
fix/search-console-event-structured-data,de1e497e4cd2f620c08d2c3e53342fbc3cec5952,patch_equivalent,patch_equivalent
fix/server-action-upload-limit,e7def901be8da0052d09bd3594cdcaf2280f2e12,patch_equivalent,patch_equivalent
fix/simplifica-directorio-bandas,19474fad49a0fa5aa54300f1d1b604a2fa45cec8,patch_equivalent,patch_equivalent
fix/sizes-foto-estreno-protagonista,9ba5390370d3b599bf74cbc47c5386d00a9a2b3c,patch_equivalent,patch_equivalent
fix/step-photo-framing,cb76147c3248eeef637497163a29045c20308552,patch_equivalent,patch_equivalent
fix/tunicas-nazareno-escala,987beaa7c6690328343b3c33f7ed067be422459e,patch_equivalent,patch_equivalent
fix/une-horarios-sede,15b9de954210c776e37723209fbdc06f116f83dc,patch_equivalent,patch_equivalent
fix/vercel-preview-regions-20260825,5b59e7dd6f1b17099f9bfabaf4c24121ec60ada6,patch_equivalent,patch_equivalent
legal/publica-textos-20260828,2adf68c68811a977d5a456b6f7d2a4a579b957fc,patch_equivalent,patch_equivalent
perf/limpia-fases-pasos-hermandad,f30a5c4b0469821a9df6f1612cf96535818bbcb1,patch_equivalent,patch_equivalent
reconcile/migracion-20260824104227,9ca9396302f145fb4016f740ebed00f54ce94bcd,patch_equivalent,patch_equivalent
seo/extraordinarias-intent-v2-20260825,cf252de06aea1758fd6d91bdf3cfab0eac2ea62b,patch_equivalent,patch_equivalent
test/home-public-authority-20260823,4d780d002caaa4b3beaaefd249a2e5bbe12564f3,patch_equivalent,patch_equivalent
test/image-public-authority-20260823,6732e6e9e4029957264f50010e8264dfed585ccd,patch_equivalent,patch_equivalent
ui/bandas-hero-logo-protagonista,ebc06a02f1804a99fe9897d58de98b274406c106,patch_equivalent,patch_equivalent
agent/acompanamientos-historicos-bandas,5b9d9f1c125515de478c3539280ddf3a6453dd38,review_required,merged_pr_exact_tip
agent/agrupa-directorio-hermandades,0f8d7bbd10328e22d97c49256f299c2fa8ff9018,review_required,merged_pr_exact_tip
agent/ajusta-preview-piedad,3439140f84c27a5fff21ee5843224b7296e70f0a,review_required,merged_pr_exact_tip
agent/alinea-patrimonio-asuncion,03fc9b07b9dba6ce328b7b1aca43be0109719a59,review_required,merged_pr_exact_tip
agent/amparo-musica-cultos,a2463cbf151d83907e7294599ca0e310afcff5ce,review_required,merged_pr_exact_tip
agent/arahal-coherencia-acompanamientos-20260902,80cd07682533ec46ef3a3f170f2d91e6516da2cd,review_required,merged_pr_exact_tip
agent/bandas-discografia,600f429ae1e01be76e8f4c1e1a3a7d8c5d34f9ab,review_required,merged_pr_exact_tip
agent/captcha-browser-min,b4aa8db79e7506061cb3237f0402181947a87291,review_required,merged_pr_exact_tip
agent/captcha-browser-temporal,ea8bd065d64c7a327739fe9e445829d55c138458,review_required,merged_pr_exact_tip
agent/captcha-runtime-cache,80b903422b6eea859a4a4aa8ed0fecfcc8b77c49,review_required,merged_pr_exact_tip
agent/captcha-thumbnail,db58cb4b0a1fc92594a8818e55f92c20ddd1bfaf,review_required,merged_pr_exact_tip
agent/cigarreras-nazarenos-20260822,a249017078dffbc736da3035c9440903ff3c757b,review_required,merged_pr_exact_tip
agent/completa-portadas-bandas,a85a8fa2175a602a602c576d3ce0230ce0cec42d,review_required,merged_pr_exact_tip
agent/corrige-tunica-san-benito-desktop,d4df5d759d79100facd03ccc4db523905932c1b2,review_required,merged_pr_exact_tip
agent/directory-card-protocol-final-20260823,d364374c48e5fc0faabfe419b6815ac73888d227,review_required,merged_pr_exact_tip
agent/habilita-panel-control,b0037134c97994bc9b90e698abdde23fca972bba,review_required,merged_pr_exact_tip
agent/hc-016-1-preflight-determinista,7aa702fe0d905e6a56e0157f0e544b767d0e6cdf,review_required,merged_pr_exact_tip
agent/hc-016-2-fuentes-canonicas,4b92d870c3eb1204ab7ab43d0061aea3a574605a,review_required,merged_pr_exact_tip
agent/hc-016-3-salud-propuesta-lote,893982f299a77fec4ccd262ff9d9181bc54ee90f,review_required,merged_pr_exact_tip
agent/home-1-4-performance-visual,62ab565e988ccc2d6f3967005aa3a0c93695156c,review_required,merged_pr_exact_tip
agent/home-2-0-1-diversidad-visual,6f55a798977b8ea46223a9285bbb12e6908601bc,review_required,merged_pr_exact_tip
agent/home-2-0-visual-live,73935f5719f06f3635f06809b95d9e12ec217c58,review_required,merged_pr_exact_tip
agent/home-2-1-hilos-visuales,ce1412d7e32bd88b0a796cee47bde4f123f3704b,review_required,merged_pr_exact_tip
agent/home-2-4-ultimos-hilos-jerarquia,aabc3ff6f6bff120ece0f983e3bb58c164f26210,review_required,merged_pr_exact_tip
agent/home-2-5-mobile-flow-final,f0befb106ff99ca76c3bb0da98934698b9392255,review_required,merged_pr_exact_tip
agent/home-2-6-prioridad-contextual,e9acbb684344d4e31fe774cc0990e04fa6aa45aa,review_required,merged_pr_exact_tip
agent/home-explorar-realineado,4f645c81141577705ea271076005ef4d8d4cad9e,review_required,merged_pr_exact_tip
agent/home-extraordinarias-navegables,ec37f6ae2ed33022fae77d43373e2f7c0c53c992,review_required,merged_pr_exact_tip
agent/home-hilo-ruta-mobile-20260902,728e13c2604fc7f1e7435a5b3a11268f14072654,review_required,merged_pr_exact_tip
agent/home-hoy-explorar-1-2,80273df4a25aa3e508d7b05bd8dff790338b09d1,review_required,merged_pr_exact_tip
agent/home-marcha-rotacion-diaria,3b809292c008de9ad385c8d7189a8597abe74bc7,review_required,merged_pr_exact_tip
agent/home-menu-scrollspy,b4bd3b91c02777f79fbb941291991d88cd0d2e8f,review_required,merged_pr_exact_tip
agent/home-relacional-1-1,c547adf98993c9783d61d83b95efbb9ead44014c,review_required,merged_pr_exact_tip
agent/horarios-sedes-editorial-v2,33ec53b88975675ecec77b55c3a2d7702eeaf33a,review_required,merged_pr_exact_tip
agent/importacion-masiva-20260822,507fcf16dac302710f4a91398568af03465a21d4,review_required,merged_pr_exact_tip
agent/incorpora-pasion-linares-esencia,3cd4d1d6d73b2155388efbc58b2020c27b3e18bb,review_required,merged_pr_exact_tip
agent/integracion-supabase,22992c30fc416571b50a589c591b87cd45c56e48,review_required,merged_pr_exact_tip
agent/la-cena-indumentaria,28aaa4543c89a4a03feefa69e84063dd495d0e37,review_required,merged_pr_exact_tip
agent/maestro-tejera-glorias,731597544609c9123be1427be1a43441a05e4742,review_required,merged_pr_exact_tip
agent/media-abierta-20260824,ada1faa78dda603c4aaac62cf022ea772e63dfe0,review_required,merged_pr_exact_tip
agent/mobile-nav-header-gap,e310039882db011f334ce60df00b5869116cc174,review_required,merged_pr_exact_tip
agent/nueva-hermandad-panel,bb4c05bd6d0f684859eccd021b4b5baf4e5ccd77,review_required,merged_pr_exact_tip
agent/nueva-imagen-panel,c8ab9f8024bb30f2e8c0a2bac02cd549bad7c56d,review_required,merged_pr_exact_tip
agent/nuevo-paso-panel,83b1f92d9b5eb597dd20b46a6a928f00af25a570,review_required,merged_pr_exact_tip
agent/ordena-directorio-bandas,222744bb9881494b5c93bf9fb13bb3e0d8e6de77,review_required,merged_pr_exact_tip
agent/ordena-directorio-hermandades,09968ceda5a0a637f0fe756af800326a5445213f,review_required,merged_pr_exact_tip
agent/panel-command-palette-20260823,4a66bfdae712a280ca7703f3f92b170b01f11702,review_required,merged_pr_exact_tip
agent/panel-errores-metricas-20260823,dec8ad00e1c185cdba0753bcdfc4cbdc80025401,review_required,merged_pr_exact_tip
agent/panel-form-hierarchy-20260824,5925a87c3de0fbcc84354188ecd25291d00822d3,review_required,merged_pr_exact_tip
agent/panel-hermandad-secciones-20260822,dcaf38dde8a768cc80df3d479329271c01c3a2f9,review_required,merged_pr_exact_tip
agent/panel-hoy-centro-editorial-20260822,5c15dd057f571755de14a8e9fe87a6f13b6ba84b,review_required,merged_pr_exact_tip
agent/panel-marchas-workspace-20260822,bdb8c4a05c4a94aa7ec47594bacdafc3110aa0eb,review_required,merged_pr_exact_tip
agent/panel-mobile-media-context-20260824,12f656e48281e9099dcd695c2a5b39fdb6a58f95,review_required,merged_pr_exact_tip
agent/panel-nav-toast-20260823,ac486a89d60a84e167cf0d771890426622a0aafd,review_required,merged_pr_exact_tip
agent/panel-navigation-design-20260823,f4db001cbf07c52eaa1971173f5decb53796e2c0,review_required,merged_pr_exact_tip
agent/panel-pasos-secciones-20260822,d1ccef97c43eed3bbcc85f707d9ac810afa37e48,review_required,merged_pr_exact_tip
agent/panel-ux-navegacion-feedback-20260823,d6bf56c3dbf6941aec369afcc00778c606b19006,review_required,merged_pr_exact_tip
agent/panel-ux-segunda-pasada-20260823,2a3b8fb4b63f2596cbe34c8d99b054db10e446d6,review_required,merged_pr_exact_tip
agent/piedad-baratillo-patrimonio,b54c7afa787eb3302ce9e7026365be2cd4669b5d,review_required,merged_pr_exact_tip
agent/relaciona-imagenes-hermandad,0ec04a52e463139512de7efcc496864eee886784,review_required,merged_pr_exact_tip
agent/san-bernardo-historico-musical,d69d9de8d40b936fd55838fd82ad58463a870b84,review_required,merged_pr_exact_tip
agent/san-esteban-relacional-20260822,e9b3b7cc67246ab68990a2b2af5919814a9d8dbf,review_required,merged_pr_exact_tip
agent/tira-del-hilo-2-10-fuentes-directas,79036a187adb7d28013ba6765ee4fb36728686fb,review_required,merged_pr_exact_tip
agent/tira-del-hilo-2-2-contexto-conjuntos-v2,d8145679fba6bca20ef9db5d9f686ddb432987a6,review_required,merged_pr_exact_tip
agent/tira-del-hilo-2-3-contexto-general-v2,48567a2af6189327740dc9a4043c5da686fe56ac,review_required,merged_pr_exact_tip
agent/tira-del-hilo-2-4-graph-reasoning,710cf518782d47bf76c71d95171eac94ef1d09cb,review_required,merged_pr_exact_tip
agent/tira-del-hilo-2-5-descubrimiento,409c7807ce8012e54c5985c29442b7a0b0a72df9,review_required,merged_pr_exact_tip
agent/tira-del-hilo-2-5-rutas-y-tiempo,4e440e6ca6fba8f417485b021b034a04ae43e6c5,review_required,merged_pr_exact_tip
agent/tira-del-hilo-2-6-evidencia,335c2681df7dd4fe0cd81e1cfe2261a32aa599c3,review_required,merged_pr_exact_tip
agent/tira-del-hilo-2-6-semantico,9ac2e6904cef9353399d63e1113c17b35d85293e,review_required,merged_pr_exact_tip
agent/tira-del-hilo-2-7-fuentes,0111641e5e4656b48db7766a795ee94e513517b6,review_required,merged_pr_exact_tip
agent/tira-del-hilo-2-7-gratis-compuestas,d66bf0f502b6ee2d604aeee644e15dabe5af6380,review_required,merged_pr_exact_tip
agent/tira-del-hilo-2-8-fuentes-relacion,ac78cbb9515191393d2809fb777193998ada8865,review_required,merged_pr_exact_tip
agent/tira-del-hilo-2-8-marchas-gratis,49ddf77348d258c06551b90115113ba7cf095f23,review_required,merged_pr_exact_tip
agent/tira-del-hilo-2-9-gratis,dc218788365c1645964bfe56e2f301f928d402dc,review_required,merged_pr_exact_tip
agent/tira-del-hilo-2-9-modo-conversacion,42b7f4206606d2ed098ff379ae7395819cee13e7,review_required,merged_pr_exact_tip
agent/viernes-dolores-relacional-20260823,6b0e44d3e78e2c22b652c2fbdd120320c1e6ffad,review_required,merged_pr_exact_tip
chore/bandas-public-authority-20260823,09373c8a4b3f09fc29e71842f6864db0021e1d76,review_required,merged_pr_exact_tip
chore/extraordinarias-public-authority-20260823,77f0de57ce283f6a399d8097cbd065fc8d8514a5,review_required,merged_pr_exact_tip
chore/first-edition-completion-20260826,34d5963e0a57c2f8c94c856d8e7bb618aa5f0c4d,review_required,merged_pr_exact_tip
chore/hilo-orquestador-estado-20260823,352e3e788c90b8d642d845b19753aec2098c2635,review_required,merged_pr_exact_tip
chore/reconcile-habit-media-migration-20260824,2ed43151100eb1f36e31e2f47e32a2735d62b4b5,review_required,merged_pr_exact_tip
chore/reconcile-personas-migration-20260823,28592db7083f9eabbc7af9d0c61b65f0f62c721e,review_required,merged_pr_exact_tip
chore/reconcilia-migracion-amparo,a816e4376ffdd436717a380d49ca610b07bdb2eb,review_required,merged_pr_exact_tip
chore/redeploy-main-20260821,9ce53c21045fd2ecc3b58e194eae3496cf68a974,review_required,merged_pr_exact_tip
codex/audita-presentacion-pueblo,47ae9b53043f5f9762000fa83fb698c757d67171,review_required,merged_pr_exact_tip
codex/certifica-el-juncal,d97a3119aa347694dbfa057f1d12c04573e4e21a,review_required,merged_pr_exact_tip
codex/certifica-la-carreteria,8fe7e9fdc3bf31ccddfe3a4b8ac871afae4eaf59,review_required,merged_pr_exact_tip
codex/cierra-consolacion-osuna,3b3b88b366cbe1c06186d8fb385b4b5002771049,review_required,merged_pr_exact_tip
codex/cierra-los-negritos,4b4f8d6317446431fa484ce39495befce250cf09,review_required,merged_pr_exact_tip
codex/cierra-orden-operativo-20260909,418ce4fd8955412d4010f3a6fc1921b4c08a43ee,review_required,merged_pr_exact_tip
codex/cierra-pasion-y-muerte,71416afe4444d1eaa03a0b056f3f697cd6f3676d,review_required,merged_pr_exact_tip
codex/cierra-purisima-la-algaba,8c0730f1845bc9711966ddc44f0dd5ae126dd62b,review_required,merged_pr_exact_tip
codex/completa-bandas-sol-carmen-20260820,9d3850a68cdcbd1fc912762ae28a7da8fc6e884e,review_required,merged_pr_exact_tip
codex/cruz-roja-fase1-documental-20260901,b1402bf409048d40082c854461937767ff0f3eb9,review_required,merged_pr_exact_tip
codex/documenta-publicacion-nino-jesus-san-bernardo,0f2dc328d7f54002a12a69629772297515f8f31a,review_required,merged_pr_exact_tip
codex/enlaces-interes-bandas,67bd6fec3b1a71d0adbecff925b67a446a831c6c,review_required,merged_pr_exact_tip
codex/fix-panel-mark-aspect,3faed5e5effa4b0a1879389cde06e5eeddc56dd0,review_required,merged_pr_exact_tip
codex/fix-panel-mark-height,7e73cc3ae7c17434354f32faa5a9a777ee951d43,review_required,merged_pr_exact_tip
codex/fix-panel-mark-proportions,6c6cd738af5f897def27b371659a4f4e5c45db51,review_required,merged_pr_exact_tip
codex/fix-panel-source-links-scale,0cadfe5ea6e08191a35aa5bc2001bd8790d4aac0,review_required,merged_pr_exact_tip
codex/fotos-completas-la-cena-20260820,300fe886c0146cc11269bcf27b7356c8b2feb4f8,review_required,merged_pr_exact_tip
codex/hc-016-3-safe-importer,50869aec598bee9e0c8001cd3c1bde66b817637b,review_required,merged_pr_exact_tip
codex/hc-016-apply-update-guard,18a6dd8f65db12d2e6eda83d3a8340bbe8ba74e3,review_required,merged_pr_exact_tip
codex/hc016-authorship-check,a3617118d9ed626db4420f0482912931a5b14d92,review_required,merged_pr_exact_tip
codex/hc016-outing-route-label,8bc67cb405d11ac05b9c55b7d8317acb80ce9b7c,review_required,merged_pr_exact_tip
codex/las-aguas-salidas-habituales,28e825ab0485617ff5e21bc8a79779a199fbceba,review_required,merged_pr_exact_tip
codex/logo-sol-sin-margenes-20260820,c70e56eb32f34219a8317959323d2f36f1ecedb2,review_required,merged_pr_exact_tip
codex/ordena-estado-operativo-20260909,85885db42420d61e30d8f476d9498e1aab0adcfd,review_required,merged_pr_exact_tip
codex/portadas-bandas-sol-carmen-20260820,30530b121da038340392242b603d7b87dd2d084b,review_required,merged_pr_exact_tip
codex/presentacion-banderin-fondo-negro-20260901,b9ccaded0d6a2c316b5abe8b168e141c1f96c201,review_required,merged_pr_exact_tip
codex/presentacion-fase2-20260831,351cf10e89d34048edfc982b98897e0759a93d1c,review_required,merged_pr_exact_tip
codex/publica-nino-jesus-san-bernardo-2026,32edd48db27cc368e93642a18ec2db4a3bafd71d,review_required,merged_pr_exact_tip
codex/reconcilia-presentacion-cierre-20260831,e7601f8913b8d81a9f4d441a461b8adf3018be31,review_required,merged_pr_exact_tip
codex/reconcilia-presentacion-fase2-20260831,f9e24a3844c5d899bc3816273b0ba89baeb541fd,review_required,merged_pr_exact_tip
codex/reconcilia-presentacion-produccion,d34add37e00b04a663ca220cac2d63bb69f89e18,review_required,merged_pr_exact_tip
codex/sincroniza-estado-consolacion-osuna,70ae3368febcd90a469e8e787c9cc3fd8ede1299,review_required,merged_pr_exact_tip
content/centuria-y-tres-caidas-logo-20260831,4856bcc60ab9855e137e73a909fda86d6832d254,review_required,merged_pr_exact_tip
content/certifica-san-bernardo,2b74e3c847c4ddd8455fcc50fbb5391f9e34b93e,review_required,merged_pr_exact_tip
content/horarios-templos-septiembre-2026,f2e33eb7bdf94aac3fb0ee8e34b7a80f4282d12e,review_required,merged_pr_exact_tip
content/iguala-pastora-triana-20260831,aa77cb7d9971a51c3af173c29db5042a85392680,review_required,merged_pr_exact_tip
content/igualas-septiembre-20260831,87559a796d2ea737fe925d3fb481fad0bc1c5ccf,review_required,merged_pr_exact_tip
content/video-traslado-risco-cantillana-20260831,ccfde4eb8595f28eba2c1cfa1e57c57d5736f5e4,review_required,merged_pr_exact_tip
docs/certifica-la-trinidad-2026-09-04,1d994faad4f667b32bd0512985894b6490d9d116,review_required,merged_pr_exact_tip
docs/certifica-los-negritos,6a23b85996a55b528764c739b8cb254703f31c56,review_required,merged_pr_exact_tip
docs/cierra-arahal-los-gitanos,7d222d30e9e51acbcc98cd5b1cafe7db88062259,review_required,merged_pr_exact_tip
docs/cierra-maestro-tejera-centuria,83b76b6a0636a24475b35d2cdef3e89abd021c21,review_required,merged_pr_exact_tip
docs/clarify-functional-baseline-20260901,f51451168de5ac18a16e37de32953e7a67aecf20,review_required,merged_pr_exact_tip
docs/sincroniza-lote-bandas-20260902,fc26a4368ec486545f62ce497294abc1e9e14c4e,review_required,merged_pr_exact_tip
editorial/centuria-certificacion,603cc7d6e65045a59d1f1df5a6b4d5ff032d1f56,review_required,merged_pr_exact_tip
editorial/centuria-cierre-produccion,290d216e197de6d2afa3f38d09702d5b2d080e61,review_required,merged_pr_exact_tip
editorial/macarena-jesus-despojado-20260902,e2441e94dae1519a396657176bc67f036178a766,review_required,merged_pr_exact_tip
editorial/normaliza-historicos-bandas,32d019810312e2c8ffb10c91a89f3571045e1235,review_required,merged_pr_exact_tip
editorial/redencion-certificacion,92274197fdf71e73f2475e8768f800f898a8097c,review_required,merged_pr_exact_tip
editorial/tres-caidas-documental-20260902,e8ed9611560f7e450e677f7ef1142ebc13f927d5,review_required,merged_pr_exact_tip
editorial/unifica-bambalinas-padre-pio,d0c1871161fa94611eef70c96096d6ae4562bdbb,review_required,merged_pr_exact_tip
editorial/virgen-reyes-redencion-20260902,1f8f516f69e87bdfe423a8e0ba82db350bbff991,review_required,merged_pr_exact_tip
feat/bandas-escudo-protagonista,33ef3ceff9ab9261e256a68395198b457e671251,review_required,merged_pr_exact_tip
feat/borradores-hermandades-publicacion,2dd53e4ec7ef72f72fee7931fac10631cc441b05,review_required,merged_pr_exact_tip
feat/buscador-global-hilo-20260824,67e90550df336e876a08845c751b105c45c5bfed,review_required,merged_pr_exact_tip
feat/carteles-fiestas-hermandades,8287e5d43b7be6822576c48446c74367572e45cd,review_required,merged_pr_exact_tip
feat/directorio-unificado-20260823,250d97ab952bc5b840643d5769306767ba0d38d0,review_required,merged_pr_exact_tip
feat/escudos-directorio-sin-marco-20260825,7bd596103b4e83dc991efe6d381fec5a28720146,review_required,merged_pr_exact_tip
feat/hermandades-programa-mano-v2-20260825,ed1feb3f937f309317f971343d887049c2cfbe02,review_required,merged_pr_exact_tip
feat/home-hoy-desktop-editorial-20260824,36d765e73f329f1afa95bea39a144d76c5e59313,review_required,merged_pr_exact_tip
feat/imagenes-portada-ficha-20260824,42e8d9fce5ce5ede02dc1a5cea8c35d5b2abd1eb,review_required,merged_pr_exact_tip
feat/la-cena-stats-corpus,0a292c94401ad4acaaedda550a2aead4fac8d468,review_required,merged_pr_exact_tip
feat/panel-extraordinarias-legibilidad,e91c01bf0fe4595109ccba0d27d94bac3be9d11e,review_required,merged_pr_exact_tip
feat/panel-inicio-todos-modulos-20260825,3efb35ad9af1e7eb5214c86ed6a1ae09087f7800,review_required,merged_pr_exact_tip
feat/panel-movil-operacion-real-20260824,e795802f190eda95659910dd308bb1615cc74ad7,review_required,merged_pr_exact_tip
feat/panel-recuperar-contrasena,344caf10dd78fbf8d01107a511fa29fbac9cb5b8,review_required,merged_pr_exact_tip
feat/pastora-escudo-bandas,395a5d0b4e6602f1efb69a079f6ad24a6c181016,review_required,merged_pr_exact_tip
feat/pastora-ficha-visual-20260824,a5591231256235a53282c323219fafe846c5ae1c,review_required,merged_pr_exact_tip
feat/pastora-guia-retransmision-20260824,75efa20fbdabde4cbae6f11e155f41272c404da7,review_required,merged_pr_exact_tip
feat/pastora-simpecados-musica-20260824,f01af97f49c84e90208632372ecfa3ce926f07c9,review_required,merged_pr_exact_tip
feat/patrimonio-musical-baratillo,4363363aa5ae7e9a12136bca26ea050e9a51ed72,review_required,merged_pr_exact_tip
feat/patrimonio-musical-carmen-baratillo,393cec24d78f50be8f29a238db2a4c147e2403ed,review_required,merged_pr_exact_tip
feat/patrimonio-musical-san-benito,1d4d4b4cbed67811617d3b8736e9dec166bfe20a,review_required,merged_pr_exact_tip
feat/portada-subida-directa-cabecera,5009ad79d74c6e8f78c63a03e724edf69ceb58c0,review_required,merged_pr_exact_tip
feat/procession-route-viewer-20260825-v2,fed2132cd17a6b6dc235e4ffc57db7a3f6e263ab,review_required,merged_pr_exact_tip
feat/public-client-brotherhood-page-phase-a,534a203900b682c73beff90b04bcd4a98853e391,review_required,merged_pr_exact_tip
feat/public-client-entity-pages-phase-a,3129d28c8050426c74a698b74fc907540cc5b5b8,review_required,merged_pr_exact_tip
feat/san-benito-capilla-coplas,172cba8bcc1dda5d49bbe82d25ae65f2b8afb53b,review_required,merged_pr_exact_tip
feat/segmenta-patrimonio-musical-estilos-20260824,fcdaa541fec53b9af66a8b92dc9d6d1ebd8468f1,review_required,merged_pr_exact_tip
feat/seo-tecnico-metadata-20260822,722a9f0cf927224418913f39f5f1b4e95b0335b3,review_required,merged_pr_exact_tip
feat/supabase-public-client-band-detail,29bdcdb2d7438480e23c80bc48defab791d3154f,review_required,merged_pr_exact_tip
feat/supabase-public-client-phase-a,7ba00ac957ab694bce8d6c9bbeb37f5301a138cc,review_required,merged_pr_exact_tip
feat/via-crucis-cofradias-module,3245cf4e6528eb0e617769317a7cc7841257099a,review_required,merged_pr_exact_tip
feat/wikimedia-media-attribution-20260823,e86e906e2ce377f4025d8f61729dede709ac36d4,review_required,merged_pr_exact_tip
fix/audita-ficha-la-paz,47533688bdc1e9c953ae63735ab0690966c6b7ff,review_required,merged_pr_exact_tip
fix/band-nav-palette-20260831,36e76afab484ce9568cd6ada6a4e9dfc5a5dbc3d,review_required,merged_pr_exact_tip
fix/band-social-link-duplicate-20260827,9fd399646d8d7889909cd214e99ae340c137afd5,review_required,merged_pr_exact_tip
fix/bandas-clasifica-salidas-20260828,8d2309b44d7f7c1fdc5add2daaaa62505f023072,review_required,merged_pr_exact_tip
fix/bandas-directorio-escudos-normalizados,5494a90868dac185f14cf453e7a6e201f2f5cf2b,review_required,merged_pr_exact_tip
fix/bandas-logos-puebla-tejera-sin-fondo,db45b024c2173534bf391dc1f3dc96b3e1e3880a,review_required,merged_pr_exact_tip
fix/buscador-global-portal-20260824,2f8cec76b0b5cd746082a19f8161cc902befa692,review_required,merged_pr_exact_tip
fix/cigarreras-banda-musica-acompanamientos,69ac4b920691c6e1a1eb4ffaa472fae97c1af92a,review_required,merged_pr_exact_tip
fix/cultos-calendario-neutro,b2c6469a283f7f603a14ff719a15bb6261fe34aa,review_required,merged_pr_exact_tip
fix/directorios-imagenes-pasos-mobile-final,e119ce1da63fa66bd171e600d4eadfe2aa919c21,review_required,merged_pr_exact_tip
fix/final-qa-overflow-20260826,e7949f1dc92aa8918888bf8a7a3868768e0c0724,review_required,merged_pr_exact_tip
fix/fotos-salidas-ficha-publica,e4dec9a75f7d74ffc5c0c8f4c2b616aea1c1087a,review_required,merged_pr_exact_tip
fix/glorias-bandas-visual-20260829,103ce068e3a0937207ca32ffecc2079a1917cbe6,review_required,merged_pr_exact_tip
fix/glorias-paleta-hilo-20260826,0eb886f4279c2200015854a046606801d8dd3f78,review_required,merged_pr_exact_tip
fix/glorias-textos-editoriales-20260826,ee5434f946a6d12ea7d0df8781ce41ca6090feb6,review_required,merged_pr_exact_tip
fix/glorias-titulos-editoriales-20260828,4445ec0ecaf774de2acc966d918c641784aeea6c,review_required,merged_pr_exact_tip
fix/glory-directory-photos-20260831,88acfefa1b6bf1a5c3c840a7dccf118af425bb2c,review_required,merged_pr_exact_tip
fix/glory-local-hero-ios-20260829,74b3d8f9e9aae4b034a41f720d343dce172650b9,review_required,merged_pr_exact_tip
fix/glory-music-position-visibility-20260831,0a5a78ea8d9539c0bc7c159d43c984d3069980e5,review_required,merged_pr_exact_tip
fix/gran-poder-relaciones-ficha-v2,7ba3a95de71b13196c67fbc4f1b4c6bb09d26a63,review_required,merged_pr_exact_tip
fix/header-brand-presence,93b821c00788a015a8abcc3e92bb3eaab50356a4,review_required,merged_pr_exact_tip
fix/hermandades-public-authority-20260823,652887819b90a912f453cd60e783b2366a45b621,review_required,merged_pr_exact_tip
fix/hermandades-sede-visita-balance-v2,b257a6757213859ba863ca8fccac151a02beba8e,review_required,merged_pr_exact_tip
fix/home-featured-completeness-20260826,39f20c07353e95243711edd356dcb4dce24ef97d,review_required,merged_pr_exact_tip
fix/home-hoy-desktop-balance-20260824,59bfc31f7ccd07306ba6b28af84e6207accfaad5,review_required,merged_pr_exact_tip
fix/home-mobile-density-20260823,120e6eeef81f6aae998415b0bc183b2512991216,review_required,merged_pr_exact_tip
fix/home-mobile-modules-20260823-v2,c3c8246d09faf95c1adab7b255fb41065ba20e6a,review_required,merged_pr_exact_tip
fix/importer-conflict-target-preflight,700a3667b06ce7c3bff12ac3412a427a08e556ad,review_required,merged_pr_exact_tip
fix/la-paz-contraste-fuentes,b6de587e9cb2d8a94bb3cf733e82ef68d13b8247,review_required,merged_pr_exact_tip
fix/maestro-tejera-presentacion-glorias,7549fe9ce8e79f4e062da3ea4e56f9a87090d008,review_required,merged_pr_exact_tip
fix/marca-mobile-header-footer,dca39bfd6797bfad76cd8a8e9e4f7e182a25a1b1,review_required,merged_pr_exact_tip
fix/mobile-hero-full-official-name,87103e6df74d17af78f7f516210e1c9e905d92fa,review_required,merged_pr_exact_tip
fix/normaliza-rutas-habitos-20260824,30971cb8c12a1b4f70d7e19fcd1d9d1e236dc1af,review_required,merged_pr_exact_tip
fix/panel-escudos-listado,4c5dc6f6a1a5cf1f5d2ae0c369325be66c27ba3c,review_required,merged_pr_exact_tip
fix/panel-mobile-legacy-media-20260824,169fc4be677e057ed8b869fc2087fc211072addc,review_required,merged_pr_exact_tip
fix/panel-outing-step-participants,6a1a477f38ebe37b52348194a3dbeb1fecb0f2c6,review_required,merged_pr_exact_tip
fix/pastora-cantillana-webp-validos,75c644ee4917916621750d0f728575378c3f75fb,review_required,merged_pr_exact_tip
fix/pastora-escudo-transparente,b43b5a87d9528e53f4d98ec267be6379e563392a,review_required,merged_pr_exact_tip
fix/pastora-migration-version,5d1a439613d73b29f6c2acc1b62ed65f20c966f3,review_required,merged_pr_exact_tip
fix/patrimonio-musical-orden-compacto,76e409a095d04c78f08764faa3bbdd2ffcec126c,review_required,merged_pr_exact_tip
fix/piedad-photo-relational,26b71d11c4e92227b2d345e48033378d5b9ca110,review_required,merged_pr_exact_tip
fix/privacy-search-logs-20260827,fe48355e502505b252e45a44b3127cd592e9cba9,review_required,merged_pr_exact_tip
fix/relation-sources-pagination,573882899a004a683c79cbcea4036fb61581b91a,review_required,merged_pr_exact_tip
fix/salidas-negritos-sin-duplicados,7cf5734147cbae3b2936e00bf034ce797679bec5,review_required,merged_pr_exact_tip
fix/sede-estacion-negritos-mobile,48a3457a37225888b13b79fe3bc4bab11ccade1f,review_required,merged_pr_exact_tip
fix/seo-crew-description-20260831,f683d5d8b786c710af96d6c1c383024d2dc97fe0,review_required,merged_pr_exact_tip
fix/seo-directory-classification-20260824,a28b806e701b096092d2c090b7205f0235798bb7,review_required,merged_pr_exact_tip
fix/seo-p0-events-smoke-20260831,ae4c9d00c128d20929ea93527d14a0ffd05199c5,review_required,merged_pr_exact_tip
fix/tira-semantica-opt-in-sin-coste,020a08fca14c841c1892264d6065a2d1db6b2744,review_required,merged_pr_exact_tip
fix/tunica-identidad-hermandad,1f4c07484cc195c76a3becc35dffd570bc919fcc,review_required,merged_pr_exact_tip
fix/tunica-mas-aire,5d89275aad3744f196a8bbbe30704f41997a2d70,review_required,merged_pr_exact_tip
fix/via-crucis-placement,7ce86a25b46d448791348814cab2a9c6c70650e5,review_required,merged_pr_exact_tip
fix/via-crucis-public-dedup,6d6db07fd2df9111e7c948b35635a3eb439a8e4c,review_required,merged_pr_exact_tip
fix/video-traslado-risco-en-salida,b0c171418771ed3c092a9ff0c6da1b58fa60a2ce,review_required,merged_pr_exact_tip
fix/wikimedia-direct-render-20260823,b9e790aedeea9cc67c81e6d01c3bead6a5d4b0a7,review_required,merged_pr_exact_tip
panel/front-parity-events-outings,8ee1a1c8e3f219690972a655d5105ccbf454b8b8,review_required,merged_pr_exact_tip
panel/front-parity-hermandades,a2fbef175e735a9c970a1a5be42a5eee78017d3b,review_required,merged_pr_exact_tip
panel/front-parity-marchas-home,c58bb574e3704e57236d2f6f15236d56812f8e0e,review_required,merged_pr_exact_tip
panel/front-parity-p0,074b650d3a2ad7f8746b2cfb033646667a13b807,review_required,merged_pr_exact_tip
rebuild/home-2-2-fotografia-real,fef69b6f8424fdf2108174a67764d4bd525fc45c,review_required,merged_pr_exact_tip
revert/home-2-9-final-20260824,1a4deb7040edc3ae1c830733a3fe65f1dd16d711,review_required,merged_pr_exact_tip
seo/crawl-discovery-20260824,3970ec2882272cecc06bc3ecbd26b1d0dc37b360,review_required,merged_pr_exact_tip
seo/extraordinarias-internal-links-20260825,77072db9ba3aef3150c25951b658f16fd9778a5c,review_required,merged_pr_exact_tip
seo/extraordinarias-pillar-v2-20260824,13ecc8a4ed81f944ef9447776af888e06c10ae56,review_required,merged_pr_exact_tip
seo/extraordinarias-temporal-20260825,d2267a188a53ba3f1bb0d99861c733fbaeecae23,review_required,merged_pr_exact_tip
seo/p0-indexacion,9110dc1bb8216b52b4c17662e8fca2c70f686685,review_required,merged_pr_exact_tip
ui/acompanamiento-musical-compacto,15f4bf33129a9bc4d857325bea8cc0a26651ce9b,review_required,merged_pr_exact_tip
ui/hermandades-acompanamiento-musical-v3,243c89bc6764b1a4d1d0d4e44f35f743573b42d3,review_required,merged_pr_exact_tip
ui/hermandades-escudo-hero-limpio,b1b87934de15d09f51728a49261f03d45ee172cd,review_required,merged_pr_exact_tip
ux/agenda-horarios-sede,20948730fba1814b0053bb3a2bfbc88276d6c464,review_required,merged_pr_exact_tip
work/cerrar-ficha-hermandad-las-aguas,b92bad9a60408879837b4940a5493587456cc062,review_required,merged_pr_exact_tip
